corridor,horizon,model,n_cells,base_rate,trivial_f1,fire_rate_fixed,f1_fixed,mcc_fixed,auc,average_precision,ap_lift,threshold_fitted,fire_rate_calibrated,f1_calibrated,mcc_calibrated,threshold_f1fit,fire_rate_f1fit,f1_f1fit
E2,1,LSTM,95633,0.28265347735614277,0.440732407226244,0.04743132600671316,0.19609085437323787,0.19805679593491013,0.7097125013051931,0.5041078627279731,1.783483675641458,-0.7665592765712487,0.2760971631131513,0.49589220548329743,0.3005343937737587,-0.9274959662344932,0.4656656175169659,0.5213235705103125
E2,1,Persistence,95633,0.28265347735614277,0.440732407226244,0.2860205159306934,0.5529567519858781,0.3753654638923347,0.7124769186144587,0.49575389496710953,1.7539281653431091,-0.47016822393457525,0.26933171603944245,0.5478517844964764,0.37583968547834185,-0.5453475010254569,0.3117333974674014,0.5551782981193815
E2,3,LSTM,85511,0.2850978236718083,0.44369824369824373,0.004256762287892786,0.018995271389888047,0.05221063099054911,0.6254891380179812,0.40240522862963857,1.4114636984843112,-0.9003590034801375,0.3598952181590673,0.4342749392609784,0.17281484022934746,-1.0855796247683105,0.6812222988855235,0.46089240115695085
E2,3,Persistence,85511,0.2850978236718083,0.44369824369824373,0.28741331524599173,0.4056703979083259,0.16731569397291235,0.5991936529943078,0.3695676110595855,1.2962835222657294,-0.47109527440045157,0.2712984294418262,0.39841943755517256,0.1668532379534051,-1.386747601513511,0.7296137339055794,0.442323871428736
E2,5,LSTM,82644,0.28338415371956827,0.4416201538693619,0.000363002758820967,0.0017057569296375266,0.016207716178745578,0.6012367806378954,0.36988967723748445,1.305258859334529,-0.9577603897561322,0.4526160398819031,0.42981619702101076,0.13333621525808328,-1.106495440085202,0.7414089347079038,0.4496003211599542
E2,5,Persistence,82644,0.28338415371956827,0.4416201538693619,0.2857920720197473,0.3564276451455175,0.10042518389499265,0.5621440059728365,0.33134392652703165,1.1692394305678908,-0.5415635068106975,0.30988335511349885,0.3675708749745054,0.10181481172380695,-3.8257258225158868,0.9992497942984366,0.4415199713212958
E2,10,LSTM,79153,0.28385531818124393,0.4421920666004074,0.0,0.0,0.0,0.5702454041680857,0.33968372515989687,1.1966790946048298,-0.9309541644732011,0.3881217389107172,0.3921863543213822,0.09830650305445615,-1.1730919776572042,0.8449458643386858,0.43969646774410176
E2,10,Persistence,79153,0.28385531818124393,0.4421920666004074,0.2833247002640456,0.3153650821936116,0.044353565235911295,0.528013288928133,0.30602506656944156,1.0781022829878497,-0.6319592996341631,0.3596705115409397,0.3453285431022636,0.04168510411510667,-4.277120403558894,0.9998610286407338,0.4421612046058458
E4,1,LSTM,73159,0.18317636927787423,0.30963493530499075,0.08610013805546822,0.46588832487309645,0.43274357957393655,0.810881715868959,0.5792633851651179,3.1623259454738344,-0.5842640937600709,0.155141541027078,0.5617550806028039,0.47562988670729883,-0.6156947060990258,0.1840375073470113,0.5721198585520193
E4,1,Persistence,73159,0.18317636927787423,0.30963493530499075,0.1896827458002433,0.6861206833345552,0.6143635116725165,0.8326249429897812,0.6153694315752395,3.359436776704197,-0.4944711975286208,0.18660725269618228,0.6865042693971093,0.6154410964369871,-0.4944711975286208,0.18660725269618228,0.6865042693971093
E4,3,LSTM,64677,0.17321458942127804,0.29528202424881395,0.030010668398348716,0.17696287279367012,0.19798653342209688,0.7019927874044579,0.37127691701951987,2.1434506080577957,-0.6805234066140571,0.16882353850673346,0.3939969261368773,0.2690353901658328,-0.7650258234762067,0.2635094392133216,0.40940310132408125
E4,3,Persistence,64677,0.17321458942127804,0.29528202424881395,0.1840685251325819,0.4864116323351221,0.37509063486597854,0.7194453439973252,0.4071596259446227,2.3506081520325237,-0.5201513908161447,0.19739629234503764,0.48919482686691695,0.37481845942784064,-0.5371631363677346,0.20959537393509284,0.49048830728220044
E4,5,LSTM,60366,0.17243150117615877,0.2941434122218297,0.012225424908060828,0.06584731317843366,0.09567246777661811,0.6475862372584797,0.29496134725427636,1.710600123772855,-0.7880450611616231,0.23682205214856045,0.34883626796195105,0.19020207233850348,-0.8580328087324072,0.3333664645661465,0.3538466577146039
E4,5,Persistence,60366,0.17243150117615877,0.2941434122218297,0.18054865321538616,0.381359113947813,0.24895762353396272,0.6486070661752872,0.29987770390399576,1.7391120639704687,-0.5366532354069807,0.2048835437166617,0.392325591605567,0.2537368745205137,-0.5910654581186544,0.24356425802604115,0.3972602739726028
E4,10,LSTM,54443,0.17930679793545543,0.30408846663032474,0.002755175137299561,0.015133171912832932,0.04394147876888886,0.6044479043939524,0.25962136351699144,1.4479170143367717,-0.8811444435923063,0.29316900244292193,0.3159040547370058,0.1263356128140789,-1.0225432029499055,0.5775581801149826,0.32422462748143477
E4,10,Persistence,54443,0.17930679793545543,0.30408846663032474,0.17842514189151956,0.268227562127747,0.10882871695820827,0.5579006055267764,0.22293936606938014,1.2433402895836163,-0.5406598098282017,0.2046544091986114,0.28090317642556445,0.111342064459612,-0.7187190403767407,0.338941645390592,0.3058656742867269
E59,1,LSTM,270766,0.23377381207389406,0.378957325542411,0.08568284053389273,0.3787602025480358,0.34162015360861564,0.7758952603829684,0.5561672270111725,2.3790826785823747,-0.6511502596375375,0.22820073421330594,0.5395764547874679,0.4013552341944647,-0.7044032341562307,0.2843894728289372,0.5483353646802231
E59,1,Persistence,270766,0.23377381207389406,0.378957325542411,0.23515507855491458,0.6737024493974955,0.5737710286413022,0.8097504410515923,0.6059519614984683,2.592043805603562,-0.49996755497709156,0.235129225973719,0.6736765829414869,0.5737442382009216,-0.5074759958762602,0.24105316029338986,0.6743565611704404
E59,3,LSTM,253849,0.2274777525221687,0.3706425669300436,0.03197570209061292,0.14824936989462817,0.16213832038190187,0.6881313317214471,0.41016127703817795,1.8030830377498386,-0.7457586134670169,0.25987102568849985,0.4315472100749316,0.2504365848823555,-0.8550873955023403,0.3949119358358709,0.44627293614274055
E59,3,Persistence,253849,0.2274777525221687,0.3706425669300436,0.23143679904195014,0.4991802223271385,0.3500791633629826,0.6958232876565374,0.421416204081051,1.8525600829469342,-0.5200066845068527,0.24786782693648587,0.5032569240714038,0.3493123982274807,-0.5435844006145303,0.266753069738309,0.5054359955364258
E59,5,LSTM,247261,0.22549856224798898,0.36801114125233486,0.01324106915364736,0.06152699429113516,0.09124295347418075,0.6502940470488314,0.3588311672291074,1.5912791800175103,-0.7636786596074596,0.23437177719090355,0.3810285995708305,0.19635969298292302,-0.9612481608516565,0.5026550891568019,0.41263246761902644
E59,5,Persistence,247261,0.22549856224798898,0.36801114125233486,0.22997561281399007,0.41420339013150304,0.2414956049244751,0.6394409012864212,0.3437819400364061,1.524541605096074,-0.540022021022401,0.26228155673559517,0.42676748833005823,0.24446862585965143,-0.5884119224928721,0.3002293123460635,0.4323958397439842
E59,10,LSTM,236096,0.2261283545676335,0.3688494010031642,0.0018128219029547304,0.007023933402705515,0.02194962581882682,0.6080538909800282,0.31025243033236977,1.3720191389778822,-0.8770439326971561,0.32801063973976685,0.36276083467094705,0.13410243918607645,-1.0112862796838018,0.5623390485226348,0.38765753086154475
E59,10,Persistence,236096,0.2261283545676335,0.3688494010031642,0.23015637706695583,0.31464721007732505,0.11210135913919594,0.5636605120700228,0.27420171828288054,1.2125932584047907,-0.5620935305734777,0.2792719910544863,0.33354843575840365,0.11262123830004102,-4.2503352779231856,0.9999407020872866,0.3688396034131343
