corridor,horizon,direction,n_lstm_own,n_xgb_own,n_paired,retained_lstm_pct,retained_xgb_pct,max_pair_rank_lstm,max_pair_rank_xgb,mae_lstm_own,mae_lstm_paired,framing_delta_lstm,mae_xgb_own,mae_xgb_paired,framing_delta_xgb,mae_persist_paired,rmse_lstm_paired,rmse_xgb_paired,rmse_persist_paired,delta_lstm_persist,delta_lstm_xgb,delta_xgb_persist
E2,1,+1,51532,51530,51530,99.996119,100.0,13,12,3.374931323401521,3.3749749882207802,0.00004366481925943688,3.372291738804936,3.3722916540996835,-8.470525258985617e-8,3.4264009847748333,4.819685134831541,4.903751712045753,5.847801997457617,-0.05142599655405311,0.002683334121096781,-0.05410933067514989
E2,1,-1,63448,63448,63448,100.0,100.0,15,15,4.879744354126778,4.879744354126778,0.0,4.847403449674818,4.84740338017106,-6.950375830427902e-8,4.857922895756424,6.428455069878167,6.481300183915134,7.830018784471435,0.021821458370354208,0.03234097395571833,-0.010519515585364125
E2,1,aggregate,114980,114978,114978,99.998261,100.0,15,15,4.205313800123178,4.20534781370047,0.00003401357729249099,4.186298660401,4.186298584084348,-7.631665255303233e-8,4.216353864525394,5.763249908616623,5.827337239532052,7.011287623976805,-0.011006050824923896,0.01904922961612243,-0.030055280441046328
E2,3,+1,47576,47576,47576,100.0,100.0,12,12,3.8726187380438235,3.8726187380438235,0.0,3.9327143213103675,3.9327142324210294,-8.888933811235233e-8,4.677913280260629,5.290167132943788,5.366537338340699,6.8458454626578025,-0.8052945422168056,-0.06009549437720585,-0.7451990478395998
E2,3,-1,58394,58394,58394,100.0,100.0,15,15,5.6137423096084635,5.6137423096084635,0.0,5.58741861687823,5.587418541874131,-7.50040989316858e-8,6.5610547489624595,7.053207717845927,7.045207410875424,9.147909753170893,-0.947312439353996,0.026323767734332648,-0.9736362070883287
E2,3,aggregate,105970,105970,105970,100.0,100.0,15,15,4.832052255435024,4.832052255435024,0.0,4.844527123380668,4.8445270421426905,-8.123797723413873e-8,5.715604729948038,6.322783357805219,6.346717446325487,8.19476977636613,-0.8835524745130137,-0.012474786707666219,-0.8710776878053474
E2,5,+1,46259,46259,46259,100.0,100.0,12,12,3.9957575970332666,3.9957575970332666,0.0,4.069689629523245,4.069689540316301,-8.920694405389895e-8,5.085659762151836,5.419623980753879,5.494202031046449,7.152071256961739,-1.089902165118569,-0.07393194328303476,-1.0159702218355342
E2,5,-1,56993,56993,56993,100.0,100.0,15,15,5.808810188371501,5.808810188371501,0.0,5.767673142811354,5.767673068078112,-7.473324181717089e-8,7.156554263178532,7.203063663798358,7.1777970781820954,9.592388260541675,-1.3477440748070313,0.04113712029338856,-1.3888811951004199
E2,5,aggregate,103252,103252,103252,100.0,100.0,15,15,4.996525682282366,4.996525682282366,0.0,5.006941928489166,5.00694184727141,-8.121775607605741e-8,6.228751327419477,6.465166671869126,6.4778448162237785,8.585277997307523,-1.2322256451371114,-0.010416164989043963,-1.2218094801480675
E2,10,+1,44627,44627,44627,100.0,100.0,12,12,4.095502322907274,4.095502322907274,0.0,4.163517095944189,4.163517004739382,-9.12048072621019e-8,5.542808997504723,5.578544012108943,5.605022810149904,7.583173108014846,-1.4473066745974492,-0.0680146818321079,-1.3792919927653413
E2,10,-1,54932,54932,54932,100.0,100.0,15,15,6.045300345492712,6.045300345492712,0.0,5.957560277622446,5.957560201582884,-7.603956220236796e-8,7.674376121466969,7.43525914180496,7.321265862590762,9.992088483878835,-1.6290757759742567,0.0877401439098282,-1.7168159198840849
E2,10,aggregate,99559,99559,99559,100.0,100.0,15,15,5.1713096831325,5.1713096831325,0.0,5.153386219337855,5.153386136500521,-8.283733343716904e-8,6.718908046847265,6.66724271109539,6.607324326927888,8.992456080075014,-1.5475983637147648,0.017923546631978482,-1.5655219103467433
E4,1,+1,42617,42566,42566,99.880329,100.0,10,7,2.0857124486824263,2.0861188092917557,0.00040636060932941476,1.8289431547058206,1.828943051605393,-1.0310042752870174e-7,1.6413398937013304,3.5657181545400807,3.5761419398068366,3.8606819787205637,0.44477891559042537,0.2571757576863627,0.18760315790406268
E4,1,-1,57263,57263,57263,100.0,100.0,10,10,3.779508333955786,3.779508333955786,0.0,3.4683370954999972,3.4683369510491855,-1.4445081175651353e-7,3.3014079788866453,5.613108188701029,5.468239799990752,6.418533541961727,0.4781003550691407,0.3111713829066005,0.1669289721625402
E4,1,aggregate,99880,99829,99829,99.948939,100.0,10,10,3.05679608683229,3.057465455565247,0.0006693687329568654,2.7693173468914276,2.7693172200719696,-1.268194580461568e-7,2.5935729999326527,4.847061711603598,4.754462229324724,5.476006599591002,0.4638924556325943,0.2881482354932774,0.1757442201393169
E4,3,+1,39403,39379,39379,99.939091,100.0,8,7,3.0945972027132522,3.0955327519394746,0.0009355492262224097,3.0536664255981,3.053666303500428,-1.2209767197290944e-7,3.017349611662714,4.547436671179374,4.743196504068655,5.396836464069253,0.07818314027676054,0.04186644843904652,0.03631669183771402
E4,3,-1,53029,53029,53029,100.0,100.0,10,10,4.731619691747145,4.731619691747145,0.0,4.582914577006946,4.582914425832236,-1.5117471008352368e-7,4.901576176650763,6.386495249263897,6.3252766186238425,7.715712350522246,-0.1699564849036177,0.1487052659149093,-0.318661750818527
E4,3,aggregate,92432,92408,92408,99.974035,100.0,10,10,4.0337704930345515,4.034413090558003,0.0006425975234511938,3.9312365517891195,3.9312364130053785,-1.38783740943893e-7,4.098626671167857,5.676123921921814,5.704984526782985,6.824570412099739,-0.06421358060985405,0.10317667755262416,-0.1673902581624782
E4,5,+1,37716,37698,37698,99.952275,100.0,8,7,3.601209194375217,3.6018675439420624,0.0006583495668452954,3.825952925693597,3.8259527954070394,-1.3028655754254714e-7,3.976891325123336,5.018027421833385,5.398331048061617,6.383152056716839,-0.37502378118127355,-0.22408525146497693,-0.15093852971629662
E4,5,-1,50957,50957,50957,100.0,100.0,10,10,5.177098839610085,5.177098839610085,0.0,5.149213447286989,5.149213296202023,-1.5108496587146192e-7,5.832487675061763,6.772331866910252,6.72933400429726,8.428823489096157,-0.6553888354516779,0.02788554340806204,-0.68327437885974
E4,5,aggregate,88673,88655,88655,99.979701,100.0,10,10,4.50681302702138,4.507276839902307,0.0004638128809268949,4.586534803747114,4.586534661506075,-1.4224103850324354e-7,5.043448464639578,6.088452297480854,6.198389365950449,7.626314510970229,-0.5361716247372712,-0.07925782160376826,-0.45691380313350294
E4,10,+1,35501,35491,35491,99.971832,100.0,8,7,4.295607595228013,4.296589118933014,0.0009815237050005976,4.7779256440233455,4.777925488135374,-1.5588797186438796e-7,5.486254255667713,5.660193922149019,6.109833007463753,7.789603606742453,-1.1896651367346998,-0.48133636920236,-0.7083287675323398
E4,10,-1,47699,47699,47699,100.0,100.0,10,10,5.777802206049945,5.777802206049945,0.0,5.934335740153053,5.93433559007616,-1.500768931350649e-7,7.300414923899414,7.3138544305900375,7.286737555827706,9.687886923319345,-1.5226127178494684,-0.15653338402621486,-1.3660793338232535
E4,10,aggregate,83200,83190,83190,99.987981,100.0,10,10,5.145357604141418,5.145878493165379,0.0005208890239609687,5.440981361961691,5.440981209405642,-1.5255604868258388e-7,6.526447184072376,6.65877994544741,6.80956350008098,8.927535574182897,-1.3805686909069967,-0.29510271624026263,-1.0854659746667341
E59,1,+1,134925,134729,134729,99.854734,100.0,19,16,3.601180117181082,3.602038722436114,0.0008586052550318968,3.347355677515193,3.3473558530934033,1.7557821019309472e-7,3.072415015272577,5.200754112180633,5.192545432501527,6.101616824658033,0.529623707163537,0.25468286934271056,0.27494083782082646
E59,1,-1,142701,142701,142701,100.0,100.0,20,20,3.0470843197102293,3.0470843197102293,0.0,2.8734694661177467,2.8734694843485173,1.8230770670868424e-8,2.5005691923267026,4.378997607911537,4.3301810650987465,4.984620754882866,0.5465151273835267,0.17361483536171196,0.37290029202181474
E59,1,aggregate,277626,277430,277430,99.929401,100.0,20,20,3.316372410428515,3.3165881647336795,0.0002157543051644062,3.103603969867761,3.103604064511549,9.464378791790296e-8,2.778276058489968,4.7956883583263785,4.768491435021278,5.55519289043622,0.5383121062437115,0.21298410022213066,0.32532800602158085
E59,3,+1,125822,125672,125672,99.880784,100.0,18,16,4.463552591507399,4.465789059772628,0.0022364682652291634,4.469640140041005,4.4696403252011505,1.851601458824348e-7,4.625311914763814,5.9422222055037315,6.06673742438702,7.4470309891132125,-0.15952285499118624,-0.0038512654285227654,-0.15567158956266347
E59,3,-1,135438,135438,135438,100.0,100.0,20,20,3.6801724287191173,3.6801724287191173,0.0,3.6904813678138475,3.690481392997396,2.5183548579832404e-8,3.671955295556773,4.938865310077415,5.0343298948482476,6.070989999895201,0.008217133162344403,-0.010308964278278765,0.018526097440623168
E59,3,aggregate,261260,261110,261110,99.942586,100.0,20,20,4.057445868366775,4.058288982117136,0.0008431137503608355,4.065489759768699,4.065489861948835,1.0218013635210355e-7,4.130804949147165,5.444908456495469,5.555228359913585,6.768288741728091,-0.0725159670300286,-0.007200879831699147,-0.06531508719832946
E59,5,+1,122027,121904,121904,99.899203,100.0,18,16,4.832376224672064,4.834143553643515,0.0017673289714510432,4.968080347585211,4.968080540641522,1.9305631138166746e-7,5.448243939856217,6.247691989123529,6.432959282091204,8.089620410949637,-0.6141003862127015,-0.13393698699800716,-0.4801633992146943
E59,5,-1,132888,132888,132888,100.0,100.0,20,20,3.9119171979023872,3.9119171979023872,0.0,4.05178541296589,4.051785442424879,2.9458989025954452e-8,4.281137798861747,5.158688520400523,5.34062219168141,6.579531381327262,-0.3692206009593595,-0.13986824452249147,-0.22935235643686802
E59,5,aggregate,254915,254792,254792,99.951749,100.0,20,20,4.352538007425654,4.353151937102466,0.000613929676812397,4.490182292419852,4.490182400151188,1.077313358521792e-7,4.839534086860545,5.705709063631519,5.888581709004412,7.3408867973984755,-0.4863821497580787,-0.13703046304872135,-0.34935168670935735
E59,10,+1,116351,116260,116260,99.921788,100.0,18,16,5.28492909347189,5.2862249389483065,0.0012958454764167016,5.551367448136753,5.551367657360554,2.0922380095100834e-7,6.71236484229985,6.660891036228471,6.881156942728946,9.09198079423918,-1.4261399033515438,-0.2651427184122479,-1.160997184939296
E59,10,-1,128084,128084,128084,100.0,100.0,20,20,4.1670236207794,4.1670236207794,0.0,4.472849472087269,4.472849510617782,3.85305130023994e-8,5.273526687449479,5.434750145292406,5.707539382854535,7.448992733627832,-1.1065030666700792,-0.3058258898383821,-0.8006771768316971
E59,10,aggregate,244435,244344,244344,99.962771,100.0,20,20,4.699146351375443,4.699544760035192,0.0003984086597483838,4.986013289883135,4.9860134096303,1.1974716507268113e-7,5.958132504997298,6.049227083108252,6.293305405380939,8.271532784484906,-1.2585877449621066,-0.28646864959510854,-0.972119095366998
