corridor,horizon,tercile,n,mae_lstm,mae_ha,mae_persist,delta_lstm_ha,lstm_beats_ha
E2,5,low,30511,3.9678,4.219,4.3996,-0.2512,true
E2,5,mid,37612,4.9945,5.176,6.0038,-0.1815,true
E2,5,high,34304,5.9102,6.0078,8.085,-0.0977,true
E2,10,low,29605,4.3922,4.4443,5.0726,-0.0521,true
E2,10,mid,36050,5.192,5.2221,6.5089,-0.0301,true
E2,10,high,33048,5.8534,5.8204,8.4254,0.0331,false
E4,5,low,23336,3.539,4.7884,3.5749,-1.2494,true
E4,5,mid,32286,4.1279,5.2077,4.5146,-1.0798,true
E4,5,high,31909,5.6165,6.6103,6.6555,-0.9938,true
E4,10,low,22178,4.3914,5.0935,5.0502,-0.7021,true
E4,10,mid,30197,4.9921,5.5658,6.1078,-0.5738,true
E4,10,high,29694,5.8896,6.35,8.0612,-0.4604,true
E59,5,low,73681,3.3437,4.3801,3.3948,-1.0364,true
E59,5,mid,93523,3.8721,4.5891,4.206,-0.717,true
E59,5,high,85637,5.7378,6.4981,6.777,-0.7603,true
E59,10,low,70697,3.9792,4.6026,4.6446,-0.6234,true
E59,10,mid,89551,4.3268,4.7959,5.3027,-0.4691,true
E59,10,high,82145,5.7323,6.1711,7.8077,-0.4388,true
