origin,corridor,horizon,n,n_service_days,base_rate,delta_auc,auc_ci_low,auc_ci_high,auc_survives,delta_mcc_fixed,mcc_fixed_ci_low,mcc_fixed_ci_high,mcc_fixed_survives,delta_mcc_calibrated,mcc_calibrated_ci_low,mcc_calibrated_ci_high,mcc_calibrated_survives,n_boot,seed,level
r1,E2,1,89391,21,0.28597957288765086,-0.000690268641182934,-0.005383169312383295,0.0034328084996559267,false,-0.17476012248316633,-0.19026611345770011,-0.1592781477124129,true,,,,,2000,42,0.95
r1,E2,3,78723,20,0.2881495877951806,0.027864804154375644,0.02174123739300114,0.03293350862760558,true,-0.13082571651177674,-0.14553998069359927,-0.11872718807644819,true,,,,,2000,42,0.95
r1,E2,5,76066,20,0.28810506665264374,0.03773619051648158,0.028828697492987342,0.04533760900819983,true,-0.09871156818856745,-0.11672727210710807,-0.08249749497448382,true,,,,,2000,42,0.95
r1,E2,10,72385,20,0.2877944325481799,0.034270724585466095,0.018498297976178867,0.04724334430187883,true,-0.054426184562794785,-0.06674816581218762,-0.043310394982169396,true,,,,,2000,42,0.95
r1,E59,1,250147,22,0.2348499082539467,-0.03678805035225441,-0.04112525634927628,-0.03275187899951428,true,-0.22651741897830674,-0.23431453545983824,-0.21795621295885062,true,,,,,2000,42,0.95
r1,E59,3,235060,22,0.22937122436824642,-0.017353856390169176,-0.022700058475506154,-0.012046485622067745,true,-0.19156865080329805,-0.2023617414948424,-0.18086516918757434,true,,,,,2000,42,0.95
r1,E59,5,229009,22,0.22752817574855136,0.0003906564527934586,-0.005884102273513159,0.006077887142095174,false,-0.16163448013171317,-0.17553777276524063,-0.1485597710471081,true,,,,,2000,42,0.95
r1,E59,10,217510,22,0.22820559974254057,0.029081367574300132,0.01909288894947349,0.038614977211162166,true,-0.09735214348789337,-0.11213256028363325,-0.08357054548431612,true,,,,,2000,42,0.95
r1,E4,1,52725,19,0.17452821242294927,-0.017104247588392574,-0.02133183610699235,-0.013081892413838711,true,-0.17074828614751603,-0.18652676846860983,-0.15460084216150513,true,,,,,2000,42,0.95
r1,E4,3,46394,19,0.16653015476139155,-0.02524120685832787,-0.031232740966441505,-0.018840337921186296,true,-0.2317719258016538,-0.25152448604812483,-0.21311152334335937,true,,,,,2000,42,0.95
r1,E4,5,43154,19,0.1654539556008713,-0.01094252134129603,-0.017194115807985383,-0.004768539628237766,true,-0.2005215975191536,-0.22445719248384258,-0.1795302463154083,true,,,,,2000,42,0.95
r1,E4,10,37885,19,0.17273327174343409,0.037623486861028343,0.01722153095956616,0.0563943934988636,true,-0.07213154033313579,-0.10171471145163598,-0.04924123377744061,true,,,,,2000,42,0.95
r2,E2,1,93774,22,0.2898244716019366,-0.002934084631143974,-0.00630351658950955,0.00016028056580474337,false,-0.17840361534058782,-0.1931018010765521,-0.16476772195012993,true,,,,,2000,42,0.95
r2,E2,3,82693,22,0.29002454863168586,0.026877689288698936,0.021482025045272093,0.03205218907425032,true,-0.1167439499327057,-0.13183926510605928,-0.10311379660854533,true,,,,,2000,42,0.95
r2,E2,5,79848,22,0.2900886684700932,0.03750520484792075,0.030954051308090345,0.0439847342791402,true,-0.08855426551830937,-0.10240424115385995,-0.07544026683776525,true,,,,,2000,42,0.95
r2,E2,10,76588,22,0.2896145610278373,0.050850271571592054,0.04262669127152374,0.05859712215602126,true,-0.0360380671103333,-0.04734210998101932,-0.023703561295776096,true,,,,,2000,42,0.95
r2,E59,1,268921,22,0.2350876279650901,-0.03888297825621445,-0.043048614216874295,-0.034495829669965145,true,-0.24670599789005332,-0.256208074907119,-0.23731222225681567,true,,,,,2000,42,0.95
r2,E59,3,252985,22,0.23039310631065082,-0.017264175474185905,-0.021616362643911213,-0.012894940401131746,true,-0.20409315882585427,-0.21638837921070472,-0.19311757978125707,true,,,,,2000,42,0.95
r2,E59,5,246503,22,0.22828119738907843,0.006076339283113907,-6.893026684843562e-6,0.011797691870724604,false,-0.15719546559747502,-0.17018979325753214,-0.14584201343645906,true,,,,,2000,42,0.95
r2,E59,10,234858,22,0.22959405257645046,0.043449190984653385,0.0334314201966773,0.0522220646264953,true,-0.09204437058210815,-0.10284401788818004,-0.08307107856733749,true,,,,,2000,42,0.95
r2,E4,1,71215,22,0.17051183037281473,-0.016060642797963154,-0.0200063143582179,-0.012124800120243967,true,-0.15704406234340917,-0.17154344575183073,-0.1442319021990885,true,,,,,2000,42,0.95
r2,E4,3,62718,22,0.1595873592907937,-0.021606774282966645,-0.027805819881168724,-0.016045035298811017,true,-0.23165624691281098,-0.2624886385075792,-0.2032111941229702,true,,,,,2000,42,0.95
r2,E4,5,58341,22,0.15714506093484856,0.005964107729276802,-0.003938025394878227,0.014128718774184739,false,-0.16884416164613175,-0.1950436431793472,-0.14746466069183284,true,,,,,2000,42,0.95
r2,E4,10,52932,22,0.16313383208645055,0.037754381748015375,0.013235903878258074,0.05795073617320083,true,-0.08700628720214976,-0.11166001613499779,-0.06463290070309621,true,,,,,2000,42,0.95
main,E2,1,95633,22,0.28265347735614277,-0.0027644173092655766,-0.00782270621045879,0.0014974858756849328,false,-0.1773086679574246,-0.1929441205437232,-0.16377147044597412,true,-0.07530529170458317,-0.08809279120717896,-0.06488639224102177,true,2000,42,0.95
main,E2,3,85511,22,0.2850978236718083,0.026295485023673404,0.019614470009926745,0.03219607087854852,true,-0.11510506298236324,-0.13291744164090186,-0.09612945812945481,true,0.005961602275942363,-0.008399208491879947,0.01777251064553951,false,2000,42,0.95
main,E2,5,82644,22,0.28338415371956827,0.039092774665058894,0.03005503130076118,0.04780807282502063,true,-0.08421746771624708,-0.0979377428014268,-0.07146950869483272,true,0.031521403534276335,0.017782965545267444,0.044342335812680066,true,2000,42,0.95
main,E2,10,79153,22,0.28385531818124393,0.04223211523995263,0.03405523736015815,0.04989294932960254,true,-0.044353565235911295,-0.051843327097896616,-0.0356756627486536,true,0.056621398939349483,0.0424107091143765,0.07013061521759467,true,2000,42,0.95
main,E59,1,270766,22,0.23377381207389406,-0.03385518066862392,-0.03709310100166608,-0.03019314461410331,true,-0.2321508750326866,-0.2414734065687322,-0.22196009873162498,true,-0.17238900400645685,-0.18038581280119345,-0.16418969144346618,true,2000,42,0.95
main,E59,3,253849,22,0.2274777525221687,-0.007691955935090311,-0.011120363209970913,-0.0041781425339052596,true,-0.18794084298108074,-0.19848813763235734,-0.17698219481218802,true,-0.09887581334512524,-0.108836825016336,-0.08924665571713368,true,2000,42,0.95
main,E59,5,247261,22,0.22549856224798898,0.010853145762410255,0.006287834589955976,0.015861714368022486,true,-0.15025265145029437,-0.16190721396045687,-0.13832677274198896,true,-0.048108932876728405,-0.057699454758052375,-0.03872218594138217,true,2000,42,0.95
main,E59,10,236096,22,0.2261283545676335,0.04439337891000539,0.03758017250373895,0.05107888085593132,true,-0.09015173332036913,-0.10140840228383094,-0.07891447478773626,true,0.02148120088603543,0.010536303782925128,0.0321313179471621,true,2000,42,0.95
main,E4,1,73159,22,0.18317636927787423,-0.021743227120822217,-0.026668958448598044,-0.016086409396605144,true,-0.1816199320985799,-0.19638449532485233,-0.1668589671225254,true,-0.13981120972968825,-0.14990510502384305,-0.12955344987121148,true,2000,42,0.95
main,E4,3,64677,22,0.17321458942127804,-0.017452556592867263,-0.024896981056188455,-0.009248315788249853,true,-0.17710410144388167,-0.19996959398925573,-0.15476275385189295,true,-0.10578306926200787,-0.12203804076377352,-0.08612126005933791,true,2000,42,0.95
main,E4,5,60366,22,0.17243150117615877,-0.001020828916807437,-0.009924263090555514,0.008255042142673884,false,-0.1532851557573446,-0.17760521876867058,-0.12697684717216207,true,-0.06353480218201021,-0.08298260251688416,-0.04262246134105333,true,2000,42,0.95
main,E4,10,54443,22,0.17930679793545543,0.0465472988671759,0.029635538233270857,0.06269405911465788,true,-0.06488723818931941,-0.08936964744596619,-0.043290292753944866,true,0.014993548354466896,-0.004737858241163763,0.033307344468330995,false,2000,42,0.95
