model,corridor,horizon,n_vectors,v_true,v_pred,v_err,c_cross,ratio_measured,explained,gap_no_cov,r_identity
lstm,E2,1,21927,33.662629185034206,8.84548147881297,25.932493003772883,-0.5576726487758216,0.26276858620257476,0.2296355444719096,0.03313304173066517,0.9979473694770092
lstm,E2,3,20459,33.51691532495891,3.6370884413619144,30.366482382773164,-0.24332774958808376,0.1085150111846211,0.09399531286340435,0.014519698321216759,0.9979473694770092
lstm,E2,5,19988,33.46445102583443,2.658899649041024,31.477315069979188,-0.3358818465928934,0.07945445293539594,0.05938050363716352,0.02007394929823242,0.9979473694770092
lstm,E2,10,19441,33.43429567772533,2.12023813659306,32.79533392019866,-0.7406381895331926,0.06341506807949927,0.01911096808156676,0.044304099997932514,0.9979473694770092
lstm,E4,1,18535,36.682311020308205,20.258324386843636,18.531394952603947,-1.053704159569692,0.5522641246792805,0.49481386430793517,0.057450260371345374,0.9979473694770092
lstm,E4,3,16741,36.09448576317749,12.45829757061601,25.374336714195803,-0.8690742608171653,0.34515791836894905,0.2970024041710565,0.048155514197892546,0.9979473694770092
lstm,E4,5,15788,35.85827090292999,8.792097020074353,28.73807588617592,-0.8359510016601456,0.24519021131484475,0.19856492902373257,0.04662528229111218,0.9979473694770092
lstm,E4,10,14439,37.04756193601514,5.004132793051234,33.331735319151285,-0.6441530880936898,0.13507320135381307,0.10029881651271577,0.034774384841097294,0.9979473694770092
lstm,E59,1,40480,37.163553357247814,17.271245622139148,21.423441698980046,-0.7655669819356874,0.4647361207932187,0.42353624011569535,0.04119988067752334,0.9979473694770092
lstm,E59,3,39772,36.55896083508346,11.240464699649154,26.937816022697746,-0.8096599436317161,0.30746127468870366,0.26316789625904446,0.04429337842965919,0.9979473694770092
lstm,E59,5,39504,36.21918952078691,8.233501252139565,29.11664163729891,-0.5654766843257828,0.2273242819918484,0.19609902864921125,0.03122525334263715,0.9979473694770092
lstm,E59,10,38810,36.27967591200134,4.818923803830864,32.21721593102471,-0.37823191142711926,0.1328270907248309,0.11197619269892001,0.02085089802591089,0.9979473694770092
xgb,E2,1,21927,33.662629806851115,8.329379764135288,26.60848861827574,-0.6376192877799574,0.24743698908633896,0.20955407313838847,0.037882915947950485,0.9982478990397137
xgb,E2,3,20459,33.51691594899769,3.777721351142513,30.558706169632387,-0.4097557858886072,0.11271088774668374,0.08826020221749453,0.024450685529189206,0.9982478990397137
xgb,E2,5,19988,33.46445159861581,2.7190665487450287,31.46576440487665,-0.36018967750293446,0.08125238630408327,0.059725681977762624,0.021526704326320645,0.9982478990397137
xgb,E2,10,19441,33.43429626365661,1.787594142762891,32.09889043516201,-0.22609415713414685,0.05346588211895527,0.039941197444798626,0.013524684674156642,0.9982478990397137
xgb,E4,1,18535,36.682313191570294,20.081415978791224,17.88771638933904,-0.643409588279986,0.5474413751913004,0.5123612762389889,0.03508009895231157,0.9982478990397137
xgb,E4,3,16741,36.09448792241353,12.007259861932287,25.64193473249398,-0.7773533360063695,0.33266187035932876,0.28958862672848296,0.0430732436308458,0.9982478990397137
xgb,E4,5,15788,35.85827306840615,7.6418592530990015,29.879574094107095,-0.831580139399976,0.21311286348120478,0.16673136943582312,0.046381494045381666,0.9982478990397137
xgb,E4,10,14439,37.04756415883098,2.990338070482642,35.29404442473833,-0.6184091681949982,0.08071618575683981,0.04733157965730017,0.03338460609953964,0.9982478990397137
xgb,E59,1,40480,37.16355216356642,16.932213280420047,21.433074809980436,-0.6008679634170314,0.45561342483885797,0.42327701303556986,0.03233641180328811,0.9982478990397137
xgb,E59,3,39772,36.5589596513739,9.922400270073915,28.20975378209858,-0.7865972003992966,0.27140816819444225,0.22837646226515507,0.04303170592928718,0.9982478990397137
xgb,E59,5,39504,36.219188371748395,6.753081802078132,31.07147772928113,-0.8026855798054362,0.18645039012927342,0.1421266150315662,0.04432377509770721,0.9982478990397137
xgb,E59,10,38810,36.27967472786541,2.958325988946283,34.6001206354355,-0.6393859482581887,0.08154224124490496,0.046294629293903045,0.035247611951001914,0.9982478990397137
