model,corridor,horizon,metric,n,paired_dl,reported_dl,abs_diff_dl,paired_persist,reported_persist,abs_diff_persist,paired_delta,reported_delta,paired_dl_better,reported_dl_better,sign_mismatch
LSTM,E2,1,MAE,654303,4.274129949219079,4.463865647406177,0.18973569818709812,4.237400088367662,4.7567409938168135,0.5193409054491518,0.03672986085141705,-0.2928753464106366,false,true,true
LSTM,E2,1,RMSE,654303,5.899467426698805,6.084020638897893,0.18455321219908782,7.102631395209894,7.636473184088262,0.5338417888783678,-1.203163968511089,-1.552452545190369,true,true,false
LSTM,E2,3,MAE,599117,4.8571863390764065,4.916415326131247,0.05922898705484059,5.7622258889280715,6.074507554131766,0.3122816652036944,-0.905039549851665,-1.1580922280005188,true,true,false
LSTM,E2,3,RMSE,599117,6.492708540938976,6.5655494620655075,0.07284092112653173,8.33943023384826,8.680734110694027,0.34130387684576746,-1.8467216929092842,-2.11518464862852,true,true,false
LSTM,E2,5,MAE,583733,5.024461065533928,5.040062334336635,0.015601268802706514,6.2153683930091566,6.492580002526008,0.27721160951685153,-1.1909073274752284,-1.4525176681893734,true,true,false
LSTM,E2,5,RMSE,583733,6.710978805284238,6.747602148786223,0.036623343501984706,8.693067810681821,9.012472580191934,0.319404769510113,-1.982089005397583,-2.2648704314057113,true,true,false
LSTM,E2,10,MAE,566186,5.1630503425594165,5.128151366538658,0.03489897602075853,6.734279158067441,7.025542141839601,0.2912629837721603,-1.5712288155080243,-1.8973907753009431,true,true,false
LSTM,E2,10,RMSE,566186,6.937457263519284,6.925541688551211,0.011915574968073273,9.159967580982359,9.478951124340092,0.31898354335773327,-2.222510317463075,-2.5534094357888817,true,true,false
LSTM,E4,1,MAE,577255,3.36687412217274,3.7743336719186207,0.4074595497458806,2.844448772254341,3.1296341208055303,0.2851853485511895,0.5224253499183993,0.6446995511130904,false,false,false
LSTM,E4,1,RMSE,577255,5.154162850920766,5.548671616358864,0.3945087654380979,5.80059080392533,6.148060730514267,0.3474699265889365,-0.6464279530045642,-0.5993891141554029,true,true,false
LSTM,E4,3,MAE,535061,4.397854823447289,4.679166542903919,0.2813117194566299,4.437903405075334,4.782842024403603,0.3449386193282695,-0.04004858162804492,-0.10367548149968453,true,true,false
LSTM,E4,3,RMSE,535061,6.028815085080014,6.3052616077275205,0.2764465226475066,7.182683786401508,7.617942223502339,0.43525843710083034,-1.1538687013214943,-1.312680615774818,true,true,false
LSTM,E4,5,MAE,514587,4.831929667443148,5.013573983015411,0.1816443155722638,5.384534675749402,5.739753221739015,0.35521854598961333,-0.5526050083062541,-0.7261792387236037,true,true,false
LSTM,E4,5,RMSE,514587,6.432408428297752,6.606535149659079,0.17412672136132734,7.957292513024465,8.423348265172438,0.46605575214797224,-1.5248840847267138,-1.8168131155133587,true,true,false
LSTM,E4,10,MAE,487011,5.359650584264592,5.348444954721688,0.011205629542903495,6.775674103058866,7.070124897290499,0.2944507942316328,-1.4160235187942742,-1.7216799425688105,true,true,false
LSTM,E4,10,RMSE,487011,7.010183504217162,6.994579813142466,0.015603691074695725,9.156793938417074,9.532948098210838,0.37615415979376365,-2.1466104341999124,-2.5383682850683718,true,true,false
LSTM,E59,1,MAE,2264126,3.1624737649707773,3.333578889928732,0.17110512495795493,2.8198243392569347,3.1003966264195175,0.28057228716258287,0.3426494257138426,0.23318226350921467,false,false,false
LSTM,E59,1,RMSE,2264126,4.465042672453148,4.651235308030252,0.18619263557710397,5.328151432057793,5.711824583192785,0.38367315113499156,-0.8631087596046454,-1.060589275162533,true,true,false
LSTM,E59,3,MAE,2169833,3.721267493499723,3.84672010276469,0.12545260926496704,3.8984839363320383,4.183690672399454,0.28520673606741553,-0.1772164428323153,-0.3369705696347638,true,true,false
LSTM,E59,3,RMSE,2169833,4.957222378576786,5.110598277047468,0.15337589847068234,6.26998374275974,6.652120237820234,0.38213649506049396,-1.312761364182954,-1.5415219607727657,true,true,false
LSTM,E59,5,MAE,2142718,3.929952349872025,4.029033232326954,0.09908088245492941,4.39577164587488,4.697795165217835,0.30202351934295546,-0.4658192960028549,-0.6687619328908809,true,true,false
LSTM,E59,5,RMSE,2142718,5.181941775822274,5.312244062265007,0.130302286442733,6.658370320985156,7.065158176889069,0.40678785590391264,-1.4764285451628822,-1.7529141146240619,true,true,false
LSTM,E59,10,MAE,2088148,4.1875697681827235,4.224465201445966,0.036895433263242516,5.28151470276952,5.593333225710658,0.3118185229411372,-1.0939449345867969,-1.3688680242646916,true,true,false
LSTM,E59,10,RMSE,2088148,5.497578879552952,5.563121318708254,0.06554243915530211,7.406354657905581,7.824204696667109,0.4178500387615278,-1.908775778352629,-2.2610833779588546,true,true,false
SpatialConvLSTM,E2,1,MAE,654303,4.273549927259842,4.463951264931935,0.19040133767209255,4.237400088367662,4.7567409938168135,0.5193409054491518,0.0361498388921806,-0.29278972888487864,false,true,true
SpatialConvLSTM,E2,1,RMSE,654303,5.900017415402198,6.0840760032439665,0.18405858784176843,7.102631395209894,7.636473184088262,0.5338417888783678,-1.2026139798076958,-1.5523971808442951,true,true,false
SpatialConvLSTM,E2,3,MAE,599117,4.860000615194215,4.916298401933088,0.05629778673887298,5.7622258889280715,6.074507554131766,0.3122816652036944,-0.9022252737338565,-1.158209152198678,true,true,false
SpatialConvLSTM,E2,3,RMSE,599117,6.497087566349346,6.569709015580211,0.07262144923086566,8.33943023384826,8.680734110694027,0.34130387684576746,-1.8423426674989143,-2.111025095113816,true,true,false
SpatialConvLSTM,E2,5,MAE,583733,5.024871312033325,5.03742509120753,0.012553779174205637,6.2153683930091566,6.492580002526008,0.27721160951685153,-1.190497080975832,-1.4551549113184779,true,true,false
SpatialConvLSTM,E2,5,RMSE,583733,6.711679523849385,6.740263118382236,0.028583594532850753,8.693067810681821,9.012472580191934,0.319404769510113,-1.981388286832436,-2.272209461809698,true,true,false
SpatialConvLSTM,E2,10,MAE,566186,5.165209183638425,5.123206878966975,0.04200230467144994,6.734279158067441,7.025542141839601,0.2912629837721603,-1.5690699744290155,-1.9023352628726258,true,true,false
SpatialConvLSTM,E2,10,RMSE,566186,6.919651612530625,6.896028003235003,0.023623609295622572,9.159967580982359,9.478951124340092,0.31898354335773327,-2.2403159684517338,-2.5829231211050896,true,true,false
SpatialConvLSTM,E4,1,MAE,577255,3.3723491540862836,3.810878946748627,0.43852979266234327,2.844448772254341,3.1296341208055303,0.2851853485511895,0.5279003818319428,0.6812448259430965,false,false,false
SpatialConvLSTM,E4,1,RMSE,577255,5.185823385837683,5.598834055621364,0.41301066978368084,5.80059080392533,6.148060730514267,0.3474699265889365,-0.6147674180876477,-0.5492266748929033,true,true,false
SpatialConvLSTM,E4,3,MAE,535061,4.417798722432032,4.697970900425622,0.28017217799358995,4.437903405075334,4.782842024403603,0.3449386193282695,-0.020104682643301786,-0.08487112397798136,true,true,false
SpatialConvLSTM,E4,3,RMSE,535061,6.055622957601114,6.3314367908116225,0.2758138332105089,7.182683786401508,7.617942223502339,0.43525843710083034,-1.1270608288003947,-1.2865054326907162,true,true,false
SpatialConvLSTM,E4,5,MAE,514587,4.872116621604861,5.053726218201157,0.18160959659629583,5.384534675749402,5.739753221739015,0.35521854598961333,-0.5124180541445407,-0.6860270035378582,true,true,false
SpatialConvLSTM,E4,5,RMSE,514587,6.495988216853345,6.669057504866583,0.17306928801323807,7.957292513024465,8.423348265172438,0.46605575214797224,-1.4613042961711207,-1.7542907603058548,true,true,false
SpatialConvLSTM,E4,10,MAE,487011,5.380659903708951,5.366582957765543,0.014076945943408248,6.775674103058866,7.070124897290499,0.2944507942316328,-1.395014199349915,-1.703541939524956,true,true,false
SpatialConvLSTM,E4,10,RMSE,487011,7.0208641260171145,7.0062316454248785,0.014632480592235986,9.156793938417074,9.532948098210838,0.37615415979376365,-2.1359298123999597,-2.5267164527859594,true,true,false
SpatialConvLSTM,E59,1,MAE,2264126,3.152552191770141,3.329016662584939,0.176464470814798,2.8198243392569347,3.1003966264195175,0.28057228716258287,0.33272785251320647,0.2286200361654216,false,false,false
SpatialConvLSTM,E59,1,RMSE,2264126,4.4598870202804015,4.650670892726227,0.1907838724458255,5.328151432057793,5.711824583192785,0.38367315113499156,-0.8682644117773917,-1.0611536904665577,true,true,false
SpatialConvLSTM,E59,3,MAE,2169833,3.7254736742047463,3.8471606745911795,0.12168700038643321,3.8984839363320383,4.183690672399454,0.28520673606741553,-0.17301026212729198,-0.3365299978082743,true,true,false
SpatialConvLSTM,E59,3,RMSE,2169833,4.965095469136968,5.116686805107146,0.1515913359701777,6.26998374275974,6.652120237820234,0.38213649506049396,-1.3048882736227716,-1.5354334327130879,true,true,false
SpatialConvLSTM,E59,5,MAE,2142718,3.940014652730979,4.03735454871566,0.09733989598468096,4.39577164587488,4.697795165217835,0.30202351934295546,-0.4557569931439005,-0.660440616502175,true,true,false
SpatialConvLSTM,E59,5,RMSE,2142718,5.193173803034525,5.3205089392665235,0.12733513623199855,6.658370320985156,7.065158176889069,0.40678785590391264,-1.4651965179506314,-1.7446492376225455,true,true,false
SpatialConvLSTM,E59,10,MAE,2088148,4.2046191355023055,4.238781763772549,0.03416262827024319,5.28151470276952,5.593333225710658,0.3118185229411372,-1.076895567267215,-1.354551461938109,true,true,false
SpatialConvLSTM,E59,10,RMSE,2088148,5.526246629184683,5.58851714438938,0.062270515204697396,7.406354657905581,7.824204696667109,0.4178500387615278,-1.8801080287208984,-2.235687552277729,true,true,false
SpatialTransformer,E2,1,MAE,654303,4.29425236399174,4.481969941415719,0.187717577423979,4.237400088367662,4.7567409938168135,0.5193409054491518,0.05685227562407835,-0.27477105240109445,false,true,true
SpatialTransformer,E2,1,RMSE,654303,5.913489314324031,6.101746295936378,0.18825698161234694,7.102631395209894,7.636473184088262,0.5338417888783678,-1.1891420808858628,-1.5347268881518836,true,true,false
SpatialTransformer,E2,3,MAE,599117,4.877839942967814,4.936069339496502,0.05822939652868797,5.7622258889280715,6.074507554131766,0.3122816652036944,-0.8843859459602577,-1.138438214635264,true,true,false
SpatialTransformer,E2,3,RMSE,599117,6.544715213381894,6.641258383315715,0.0965431699338204,8.33943023384826,8.680734110694027,0.34130387684576746,-1.7947150204663656,-2.0394757273783126,true,true,false
SpatialTransformer,E2,5,MAE,583733,5.0691893447783976,5.0751699841781805,0.005980639399782994,6.2153683930091566,6.492580002526008,0.27721160951685153,-1.146179048230759,-1.4174100183478275,true,true,false
SpatialTransformer,E2,5,RMSE,583733,6.771089044834375,6.814459084582742,0.04337003974836673,8.693067810681821,9.012472580191934,0.319404769510113,-1.921978765847446,-2.1980134956091923,true,true,false
SpatialTransformer,E2,10,MAE,566186,5.176986918750974,5.141719204614326,0.03526771413664864,6.734279158067441,7.025542141839601,0.2912629837721603,-1.5572922393164665,-1.8838229372252755,true,true,false
SpatialTransformer,E2,10,RMSE,566186,6.976044205082733,6.976608960540232,0.000564755457499011,9.159967580982359,9.478951124340092,0.31898354335773327,-2.183923375899626,-2.5023421637998604,true,true,false
SpatialTransformer,E4,1,MAE,577255,3.418836244387077,3.8331429961897676,0.4143067518026906,2.844448772254341,3.1296341208055303,0.2851853485511895,0.5743874721327362,0.7035088753842373,false,false,false
SpatialTransformer,E4,1,RMSE,577255,5.198868749676125,5.60373118200427,0.40486243232814534,5.80059080392533,6.148060730514267,0.3474699265889365,-0.6017220542492057,-0.5443295485099968,true,true,false
SpatialTransformer,E4,3,MAE,535061,4.476905314266391,4.753656341044866,0.2767510267784745,4.437903405075334,4.782842024403603,0.3449386193282695,0.03900190919105739,-0.029185683358737613,false,true,true
SpatialTransformer,E4,3,RMSE,535061,6.112671180776659,6.390327855281203,0.2776566745045441,7.182683786401508,7.617942223502339,0.43525843710083034,-1.0700126056248491,-1.2276143682211353,true,true,false
SpatialTransformer,E4,5,MAE,514587,4.913610403834743,5.085533868583049,0.1719234647483061,5.384534675749402,5.739753221739015,0.35521854598961333,-0.4709242719146589,-0.6542193531559661,true,true,false
SpatialTransformer,E4,5,RMSE,514587,6.534420570602147,6.708399115461925,0.1739785448597786,7.957292513024465,8.423348265172438,0.46605575214797224,-1.4228719424223186,-1.7149491497105123,true,true,false
SpatialTransformer,E4,10,MAE,487011,5.4071485033316495,5.380142700662042,0.02700580266960717,6.775674103058866,7.070124897290499,0.2944507942316328,-1.3685255997272163,-1.6899821966284563,true,true,false
SpatialTransformer,E4,10,RMSE,487011,7.072265078019078,7.057867442104395,0.014397635914683349,9.156793938417074,9.532948098210838,0.37615415979376365,-2.084528860397996,-2.475080656106443,true,true,false
SpatialTransformer,E59,1,MAE,2264126,3.1590836897381958,3.3501943921017348,0.191110702363539,2.8198243392569347,3.1003966264195175,0.28057228716258287,0.3392593504812611,0.24979776568221723,false,false,false
SpatialTransformer,E59,1,RMSE,2264126,4.473582679261269,4.675452217265264,0.20186953800399543,5.328151432057793,5.711824583192785,0.38367315113499156,-0.8545687527965242,-1.0363723659275204,true,true,false
SpatialTransformer,E59,3,MAE,2169833,3.752619648752096,3.8829305819415008,0.13031093318940457,3.8984839363320383,4.183690672399454,0.28520673606741553,-0.14586428757994208,-0.30076009045795304,true,true,false
SpatialTransformer,E59,3,RMSE,2169833,4.985648822899506,5.144797579592865,0.1591487566933587,6.26998374275974,6.652120237820234,0.38213649506049396,-1.2843349198602336,-1.5073226582273689,true,true,false
SpatialTransformer,E59,5,MAE,2142718,3.948394060499183,4.050969198575225,0.10257513807604202,4.39577164587488,4.697795165217835,0.30202351934295546,-0.4473775853756967,-0.6468259666426102,true,true,false
SpatialTransformer,E59,5,RMSE,2142718,5.202090242001292,5.334989537252781,0.13289929525148914,6.658370320985156,7.065158176889069,0.40678785590391264,-1.4562800789838644,-1.7301686396362879,true,true,false
SpatialTransformer,E59,10,MAE,2088148,4.18238846018329,4.2215141546827795,0.03912569449948933,5.28151470276952,5.593333225710658,0.3118185229411372,-1.0991262425862303,-1.3718190710278781,true,true,false
SpatialTransformer,E59,10,RMSE,2088148,5.494822217000224,5.564843981532581,0.07002176453235709,7.406354657905581,7.824204696667109,0.4178500387615278,-1.911532440905357,-2.2593607151345276,true,true,false
