corridor,horizon,n_cells,base_rate,n_unprofiled,auc_null,ap_lift_null,auc_persist,ap_lift_persist,auc_lstm,ap_lift_lstm,null_beats_lstm,null_beats_persist,lstm_vs_null_delta,lstm_vs_null_ci_low,lstm_vs_null_ci_high,lstm_vs_null_survives,persist_vs_null_delta,persist_vs_null_ci_low,persist_vs_null_ci_high,persist_vs_null_survives,n_boot,seed,level
E2,1,95633,0.28265347735614277,0,0.585865077900602,1.1872020518418738,0.7124769186144587,1.7539281653431091,0.7097125013051931,1.783483675641458,false,false,0.1238474234045911,0.11554712443939835,0.13400057817703132,true,0.12661184071385667,0.11510604488157887,0.14064724243892188,true,2000,42,0.95
E2,3,85511,0.2850978236718083,0,0.5804992674448937,1.1671418879377327,0.5991936529943078,1.2962835222657294,0.6254891380179812,1.4114636984843112,false,false,0.044989870573087565,0.038743800026962566,0.05205230141164191,true,0.01869438554941416,0.008771339656515161,0.02962516197605855,true,2000,42,0.95
E2,5,82644,0.28338415371956827,0,0.582253540611147,1.1713215519774278,0.5621440059728365,1.1692394305678908,0.6012367806378954,1.305258859334529,false,true,0.01898324002674845,0.012636679108455737,0.02629261849735258,true,-0.020109534638310445,-0.02746416051912654,-0.01071783922416232,true,2000,42,0.95
E2,10,79153,0.28385531818124393,0,0.5815123588627117,1.176565217770655,0.528013288928133,1.0781022829878497,0.5702454041680857,1.1966790946048298,true,true,-0.011266954694626019,-0.017904825681248925,-0.004091391933951823,true,-0.05349906993457865,-0.0593800132928526,-0.04620903239140848,true,2000,42,0.95
E4,1,73158,0.18316520407884304,1,0.522544903124193,1.0490508534142666,0.8326146177642861,3.359511053394108,0.8108916997561808,3.162592302333976,false,false,0.2883467966319878,0.27314697013323636,0.3049015049376351,true,0.31006971464009314,0.2954135996865427,0.32575659112965133,true,2000,42,0.95
E4,3,64677,0.17321458942127804,0,0.5201793474878267,1.037740986624185,0.7194453439973252,2.3506081520325237,0.7019927874044579,2.1434506080577957,false,false,0.18181343991663124,0.16718413243796904,0.19869542953696642,true,0.1992659965094985,0.18345433074486206,0.2168701987221608,true,2000,42,0.95
E4,5,60366,0.17243150117615877,0,0.5194826730544422,1.0462697527835714,0.6486070661752872,1.7391120639704687,0.6475862372584797,1.710600123772855,false,false,0.12810356420403757,0.11311116922922884,0.1442267311343859,true,0.129124393120845,0.1127562276133171,0.14560199273107713,true,2000,42,0.95
E4,10,54443,0.17930679793545543,0,0.5211048593828616,1.0527927803633632,0.5579006055267764,1.2433402895836163,0.6044479043939524,1.4479170143367717,false,false,0.0833430450110908,0.067805613123522,0.09659338199128462,true,0.0367957461439149,0.023198318766337676,0.050597772797583436,true,2000,42,0.95
E59,1,270766,0.23377381207389406,0,0.504959303325781,1.0609124314553295,0.8097504410515923,2.592043805603562,0.7758952603829684,2.3790826785823747,false,false,0.2709359570571874,0.25928303656140045,0.2829781709892557,true,0.30479113772581135,0.29319880686952204,0.3159848163846681,true,2000,42,0.95
E59,3,253849,0.2274777525221687,0,0.506913634567343,1.0647577433951538,0.6958232876565374,1.8525600829469342,0.6881313317214471,1.8030830377498386,false,false,0.18121769715410418,0.17017305629201504,0.19255070349014272,true,0.1889096530891945,0.1783656861726462,0.19944355789954057,true,2000,42,0.95
E59,5,247261,0.22549856224798898,0,0.5021138398952931,1.0579337952299153,0.6394409012864212,1.524541605096074,0.6502940470488314,1.5912791800175103,false,false,0.1481802071535383,0.13775280520053218,0.15879017713429913,true,0.13732706139112805,0.12776756330576367,0.14738294149448156,true,2000,42,0.95
E59,10,236096,0.2261283545676335,0,0.4952729919324537,1.0387822831132156,0.5636605120700228,1.2125932584047907,0.6080538909800282,1.3720191389778822,false,false,0.11278089904757443,0.10297724811237727,0.1230521809677991,true,0.06838752013756905,0.05776537904257752,0.08025180543552161,true,2000,42,0.95
