origin,corridor,horizon,metric,comparison,n,delta_loss,delta_mae,a_better,dm_stat_hac,dm_p_hac,dm_lag,dm_stat_clustered,dm_p_clustered,n_service_days,wilcoxon_p_two_sided,wilcoxon_p_one_sided,median_diff,win_rate,mean_median_disagree
main,E2,1,MAE,LSTM_vs_PERSIST,114980,-0.010990760498076735,-0.010990760498076735,true,-0.7400606057174468,0.4592647319671416,48,-0.36623431583146193,0.717854030871056,22,2.208231058247756e-65,1.0,0.27202916145324707,0.4520786223691077,true
r1,E2,1,MAE,LSTM_vs_PERSIST,108145,0.04797442609413172,0.04797442609413172,false,3.0688290818485724,0.0021495266496775614,47,1.2443982228189314,0.22706325105451722,22,4.070931096221631e-116,2.0354655481108156e-116,0.30462074279785156,0.44278514956771003,false
r2,E2,1,MAE,LSTM_vs_PERSIST,112563,0.010160334814757968,0.010160334814757968,false,0.6791704666756518,0.4970312542270883,48,0.41308154338726827,0.6837342982968028,22,7.280671665379523e-80,3.6403358326897614e-80,0.26747989654541016,0.4511962190062454,false
main,E2,3,MAE,LSTM_vs_PERSIST,105970,-0.883552474513013,-0.883552474513013,true,-48.94974977954392,0.0,47,-31.926989411800722,2.771381371027992e-19,22,0.0,0.0,-0.46017229557037354,0.552741341889214,false
r1,E2,3,MAE,LSTM_vs_PERSIST,99033,-0.7581126482002126,-0.7581126482002126,true,-38.75683573613042,0.0,46,-21.92790050521427,5.909571046209391e-16,22,0.0,0.0,-0.3077874183654785,0.5364979350317571,false
r2,E2,3,MAE,LSTM_vs_PERSIST,102885,-0.8426582517895956,-0.8426582517895956,true,-45.47202997949975,0.0,46,-34.730837116336325,4.8826773143297755e-20,22,0.0,0.0,-0.4082188606262207,0.547883559313797,false
main,E2,5,MAE,LSTM_vs_PERSIST,103252,-1.2322256451371112,-1.2322256451371112,true,-60.92797985007634,0.0,46,-47.77513955444318,6.542971567932093e-23,22,0.0,0.0,-0.7586476802825928,0.5790299461511641,false
r1,E2,5,MAE,LSTM_vs_PERSIST,96572,-1.1044254653007366,-1.1044254653007366,true,-51.00851527939248,0.0,45,-32.00402183125277,2.637189277148622e-19,22,0.0,0.0,-0.6138956546783447,0.5609286335583813,false
r2,E2,5,MAE,LSTM_vs_PERSIST,100261,-1.1663839425108578,-1.1663839425108578,true,-57.87533760832924,0.0,46,-65.20771808619065,9.935652291568006e-26,22,0.0,0.0,-0.7177810668945312,0.5742811262604602,false
main,E2,10,MAE,LSTM_vs_PERSIST,99559,-1.5475983637147643,-1.5475983637147643,true,-65.43810935586248,0.0,46,-63.74467575128787,1.596459858229625e-25,22,0.0,0.0,-1.0871362686157227,0.6009602346347392,false
r1,E2,10,MAE,LSTM_vs_PERSIST,92604,-1.4435028542937185,-1.4435028542937185,true,-57.00437302521228,0.0,45,-47.70353114132452,6.750496591861467e-23,22,0.0,0.0,-0.9618523120880127,0.5830525679236318,false
r2,E2,10,MAE,LSTM_vs_PERSIST,96671,-1.5374080399743508,-1.5374080399743508,true,-63.492375086263564,0.0,45,-55.28436738034694,3.1221081490094987e-24,22,0.0,0.0,-1.060129165649414,0.59728357004686,false
main,E4,1,MAE,LSTM_vs_PERSIST,99880,0.46387614968016855,0.46387614968016855,false,36.518954370607766,4.6067430938101813e-290,46,16.93079484367843,1.0193401955506914e-13,22,0.0,0.0,0.46042847633361816,0.34020824989987986,false
r1,E4,1,MAE,LSTM_vs_PERSIST,76887,0.4587668558015272,0.4587668558015272,false,35.21305275499349,1.789619214023314e-269,42,15.42410282499303,1.4375344675517269e-12,21,0.0,0.0,0.4098386764526367,0.33074511946102725,false
r2,E4,1,MAE,LSTM_vs_PERSIST,98246,0.4240393366572052,0.4240393366572052,false,36.41069793755196,2.4423386234095487e-288,46,14.485510626730193,2.104924926626597e-12,22,0.0,0.0,0.4210226535797119,0.3411233027298821,false
main,E4,3,MAE,LSTM_vs_PERSIST,92432,-0.06439549487128644,-0.06439549487128644,true,-3.3495354744560792,0.0008097954059582345,45,-1.3759389734503722,0.18333860529304183,22,1.9443182148509318e-28,1.0,0.18509483337402344,0.4598840228492297,true
r1,E4,3,MAE,LSTM_vs_PERSIST,71061,0.167136569759985,0.167136569759985,false,7.532744708172254,5.027028918198739e-14,41,4.116689364009748,0.0005355094656980973,21,3.650848800640757e-158,1.8254244003203785e-158,0.30041027069091797,0.43407776417444166,false
r2,E4,3,MAE,LSTM_vs_PERSIST,90733,-0.016675046389120252,-0.016675046389120252,true,-0.8471809997707406,0.39689647688049356,44,-0.36355111652953237,0.7198275032511926,22,8.88044991246998e-55,1.0,0.21369600296020508,0.4527349475934886,true
main,E4,5,MAE,LSTM_vs_PERSIST,88673,-0.5362521103888879,-0.5362521103888879,true,-21.162899214098793,3.697505773101253e-99,44,-11.070842440582116,3.170733324283689e-10,22,1.5125621864619037e-157,7.562810932309518e-158,-0.08135223388671875,0.5141925952657517,false
r1,E4,5,MAE,LSTM_vs_PERSIST,67922,-0.2856712255449543,-0.2856712255449543,true,-9.127341455557309,7.206086786647704e-20,40,-5.967296986848392,7.783243537376248e-6,21,3.909785695230641e-17,1.9548928476153205e-17,0.06803536415100098,0.48886958570124556,true
r2,E4,5,MAE,LSTM_vs_PERSIST,86816,-0.520118437018115,-0.520118437018115,true,-19.991114196951546,1.0433297799787557e-88,44,-11.179952613915592,2.6554141144665557e-10,22,1.534489346013351e-138,7.672446730066755e-139,-0.061454057693481445,0.5098829708809436,false
main,E4,10,MAE,LSTM_vs_PERSIST,83200,-1.3805949149739283,-1.3805949149739283,true,-37.95294641430504,0.0,43,-28.423332732023287,3.0189295980668868e-18,22,0.0,0.0,-0.6992950439453125,0.5718870192307692,false
r1,E4,10,MAE,LSTM_vs_PERSIST,62743,-1.2146222338895252,-1.2146222338895252,true,-27.459728047358407,5.062535733318455e-165,39,-19.328893254153094,2.0699179349133036e-14,21,0.0,0.0,-0.5784482955932617,0.5562532872192913,false
r2,E4,10,MAE,LSTM_vs_PERSIST,81429,-1.3748409498529743,-1.3748409498529743,true,-37.4884489972339,5.752548893318227e-305,43,-23.27807376000347,1.766922906875578e-16,22,0.0,0.0,-0.6606478691101074,0.5703619103759103,false
main,E59,1,MAE,LSTM_vs_PERSIST,277626,0.5384729497745114,0.5384729497745114,false,52.716393116974416,0.0,65,23.781326381210153,1.145430471790861e-16,22,0.0,0.0,0.6365282535552979,0.33400329940279366,false
r1,E59,1,MAE,LSTM_vs_PERSIST,259723,0.5661108120382886,0.5661108120382886,false,52.100945160651634,0.0,63,20.10042043170497,3.39327436159187e-15,22,0.0,0.0,0.657313346862793,0.3308678861710361,false
r2,E59,1,MAE,LSTM_vs_PERSIST,276628,0.6137277637862265,0.6137277637862265,false,60.1540510535028,0.0,65,30.59094985279811,6.678964822828045e-19,22,0.0,0.0,0.6792902946472168,0.31929884176583717,false
main,E59,3,MAE,LSTM_vs_PERSIST,261260,-0.0726555879143618,-0.0726555879143618,true,-4.8720058799792145,1.1053539407950084e-6,63,-2.5308507634875714,0.019435690995100896,22,3.014624540320816e-74,1.0,0.24622535705566406,0.45721120722651765,true
r1,E59,3,MAE,LSTM_vs_PERSIST,245235,0.015199929694165745,0.015199929694165745,false,0.9461965829407424,0.3440492609852967,62,0.42184444394329784,0.6774256446529857,22,8.116697604270259e-193,4.0583488021351294e-193,0.30821704864501953,0.44709360409403226,false
r2,E59,3,MAE,LSTM_vs_PERSIST,261410,0.036723540198724966,0.036723540198724966,false,2.348947412606891,0.01882730581882644,63,1.4241892547186448,0.16908258878915464,22,1.497184294613613e-257,7.485921473068065e-258,0.31853437423706055,0.4435063693049233,false
main,E59,5,MAE,LSTM_vs_PERSIST,254915,-0.4863045464551919,-0.4863045464551919,true,-26.998731030672285,2.576576807383764e-160,63,-18.6440912412516,1.519536042535341e-14,22,2.2445257154641946e-305,1.1222628577320973e-305,-0.07921981811523438,0.5111743130062962,false
r1,E59,5,MAE,LSTM_vs_PERSIST,239313,-0.3900324367551041,-0.3900324367551041,true,-20.657759008483982,1.006208993929986e-94,62,-11.359950230794905,1.9872279946681409e-10,22,2.3663071887560754e-147,1.1831535943780377e-147,-0.012732505798339844,0.5019033650491198,false
r2,E59,5,MAE,LSTM_vs_PERSIST,255305,-0.43279104758363285,-0.43279104758363285,true,-22.797260607834723,6.363274693148364e-115,63,-16.708667128926706,1.3206929840489585e-13,22,5.951192688754179e-212,2.9755963443770895e-212,-0.035124778747558594,0.5053524216133644,false
main,E59,10,MAE,LSTM_vs_PERSIST,244435,-1.2581067529476595,-1.2581067529476595,true,-57.440903621495295,0.0,62,-37.43997472456317,1.0328936735190262e-20,22,0.0,0.0,-0.7487764358520508,0.5767872849632827,false
r1,E59,10,MAE,LSTM_vs_PERSIST,228253,-1.1445774583832864,-1.1445774583832864,true,-49.73300240392788,0.0,61,-28.178228926507334,3.605037877625939e-18,22,0.0,0.0,-0.6483211517333984,0.5675325187401699,false
r2,E59,10,MAE,LSTM_vs_PERSIST,244198,-1.2327281329566175,-1.2327281329566175,true,-54.74312714663204,0.0,62,-33.51045936929442,1.0217817513324248e-19,22,0.0,0.0,-0.7223324775695801,0.5730431862668818,false
main,E2,1,RMSE,LSTM_vs_PERSIST,114980,-15.942770642588592,-0.010990760498076735,true,-53.0799780039928,0.0,48,-33.30998885483338,1.1564191081256233e-19,22,1.847180232579612e-21,9.23590116289806e-22,0.42430717372462823,0.4520786223691077,true
r1,E2,1,RMSE,LSTM_vs_PERSIST,108145,-15.347614788077973,0.04797442609413172,true,-48.88419290253348,0.0,47,-30.09235022597192,9.362359748143073e-19,22,0.00033856320994307416,0.00016928160497153708,0.4637191018343856,0.44278514956771003,true
r2,E2,1,RMSE,LSTM_vs_PERSIST,112563,-15.398797763932846,0.010160334814757968,true,-49.63884919338518,0.0,48,-30.40972878284585,7.546638154944568e-19,22,1.6090582156865636e-11,8.045291078432818e-12,0.41128544129060174,0.4511962190062454,true
main,E2,3,RMSE,LSTM_vs_PERSIST,105970,-27.17666229790516,-0.883552474513013,true,-65.3612257898671,0.0,47,-50.435880161740634,2.1162726259849382e-23,22,0.0,0.0,-1.6892741777315905,0.552741341889214,false
r1,E2,3,RMSE,LSTM_vs_PERSIST,99033,-26.329854266291775,-0.7581126482002126,true,-60.482347633887265,0.0,46,-57.328585918789,1.4634799858152334e-24,22,0.0,0.0,-0.9911608875900129,0.5364979350317571,false
r2,E2,3,RMSE,LSTM_vs_PERSIST,102885,-26.91680548092579,-0.8426582517895956,true,-62.080975598268765,0.0,46,-48.747658217646105,4.300891921359362e-23,22,0.0,0.0,-1.4348668756347251,0.547883559313797,false
main,E2,5,RMSE,LSTM_vs_PERSIST,103252,-31.908618196005364,-1.2322256451371112,true,-67.60203904454666,0.0,46,-58.26504079311815,1.0435099884681e-24,22,0.0,0.0,-3.648102131237465,0.5790299461511641,false
r1,E2,5,RMSE,LSTM_vs_PERSIST,96572,-31.298647053093923,-1.1044254653007366,true,-64.24919622382752,0.0,45,-57.72056334741232,1.2694502984230515e-24,22,0.0,0.0,-2.6996989314025086,0.5609286335583813,false
r2,E2,5,RMSE,LSTM_vs_PERSIST,100261,-31.08754373841261,-1.1663839425108578,true,-64.88933587006352,0.0,46,-75.11172421400364,5.162935671936901e-27,22,0.0,0.0,-3.4379877238823155,0.5742811262604602,false
main,E2,10,RMSE,LSTM_vs_PERSIST,99559,-36.412140983423456,-1.5475983637147643,true,-67.68266566252872,0.0,46,-62.75014403933159,2.2174534543833144e-25,22,0.0,0.0,-6.287565749866189,0.6009602346347392,false
r1,E2,10,RMSE,LSTM_vs_PERSIST,92604,-37.00730086879992,-1.4435028542937185,true,-65.96316214116474,0.0,45,-68.33676341827096,3.7295076670806766e-26,22,0.0,0.0,-5.691480720939012,0.5830525679236318,false
r2,E2,10,RMSE,LSTM_vs_PERSIST,96671,-37.31156890831687,-1.5374080399743508,true,-66.93556959448885,0.0,45,-69.26575714276301,2.8120564623046397e-26,22,0.0,0.0,-6.108320880153769,0.59728357004686,false
main,E4,1,RMSE,LSTM_vs_PERSIST,99880,-6.489399404118453,0.46387614968016855,true,-25.880321439874717,3.4041018726595007e-147,46,-18.143235065896533,2.6072159320713224e-14,22,0.0,1.0,0.588436644932699,0.34020824989987986,true
r1,E4,1,RMSE,LSTM_vs_PERSIST,76887,-5.641541489346505,0.4587668558015272,true,-21.54731122741674,1.1312200796535722e-102,42,-14.86898688568926,2.828789095727653e-12,21,0.0,1.0,0.4794455407627538,0.33074511946102725,true
r2,E4,1,RMSE,LSTM_vs_PERSIST,98246,-6.145309712606186,0.4240393366572052,true,-26.39153709872036,5.875884682528878e-153,46,-15.335821965385046,7.014682376743534e-13,22,0.0,1.0,0.5227358015363279,0.3411233027298821,true
main,E4,3,RMSE,LSTM_vs_PERSIST,92432,-14.354661085623292,-0.06439549487128644,true,-37.25477181634652,1.5539990919010039e-301,45,-25.550111123973196,2.664426223303181e-17,22,3.9442886395633634e-14,1.9721443197816817e-14,0.24255870291290194,0.4598840228492297,true
r1,E4,3,RMSE,LSTM_vs_PERSIST,71061,-11.132494622534407,0.167136569759985,true,-28.18206877024406,8.828447093136095e-174,41,-18.794459115733158,3.526643458998166e-14,21,1.2418396271734358e-21,1.0,0.44317429077727866,0.43407776417444166,true
r2,E4,3,RMSE,LSTM_vs_PERSIST,90733,-13.463184875863325,-0.016675046389120252,true,-35.83619526545517,2.74056461806524e-279,44,-21.75275937189298,6.946116677428378e-16,22,0.039859021040711894,0.019929510520355947,0.2796449777060843,0.4527349475934886,true
main,E4,5,RMSE,LSTM_vs_PERSIST,88673,-21.09010826365953,-0.5362521103888879,true,-41.08011099920192,0.0,44,-36.93205065282271,1.370400355904548e-20,22,0.0,0.0,-0.1110841452027671,0.5141925952657517,false
r1,E4,5,RMSE,LSTM_vs_PERSIST,67922,-18.7496324984848,-0.2856712255449543,true,-31.258179309249833,5.6539398423249604e-213,40,-22.321838019517095,1.3138354817519113e-15,21,8.373860428110693e-130,4.1869302140553465e-130,0.07617429015772359,0.48886958570124556,true
r2,E4,5,RMSE,LSTM_vs_PERSIST,86816,-20.718639719398865,-0.520118437018115,true,-40.711616133320724,0.0,44,-27.152577628680806,7.698777263244078e-18,22,0.0,0.0,-0.07198885374145902,0.5098829708809436,false
main,E4,10,RMSE,LSTM_vs_PERSIST,83200,-35.35866990277183,-1.3805949149739283,true,-47.52998927938924,0.0,43,-35.849399105841,2.5359839619570576e-20,22,0.0,0.0,-2.9312734491081756,0.5718870192307692,false
r1,E4,10,RMSE,LSTM_vs_PERSIST,62743,-34.10982836632404,-1.2146222338895252,true,-38.54842982430268,0.0,39,-27.554395220315556,2.211502711561079e-17,21,0.0,0.0,-2.0994482328824233,0.5562532872192913,false
r2,E4,10,RMSE,LSTM_vs_PERSIST,81429,-34.658593316658866,-1.3748409498529743,true,-47.06725003197946,0.0,43,-26.865662145804787,9.565597435921654e-18,22,0.0,0.0,-2.559997692259458,0.5703619103759103,false
main,E59,1,RMSE,LSTM_vs_PERSIST,277626,-7.860294889749495,0.5384729497745114,true,-43.47009797440418,0.0,65,-22.15904379218231,4.783138973740741e-16,22,0.0,1.0,0.9488009404412878,0.33400329940279366,true
r1,E59,1,RMSE,LSTM_vs_PERSIST,259723,-7.787137290621555,0.5661108120382886,true,-40.90398133650948,0.0,63,-17.87448651395988,3.50236746104654e-14,22,0.0,1.0,0.9993174151468338,0.3308678861710361,true
r2,E59,1,RMSE,LSTM_vs_PERSIST,276628,-7.179685395172885,0.6137277637862265,true,-39.59007408635493,0.0,65,-22.905259732105854,2.4497838856411334e-16,22,0.0,1.0,1.0219749099937872,0.31929884176583717,true
main,E59,3,RMSE,LSTM_vs_PERSIST,261260,-16.159049666669922,-0.0726555879143618,true,-58.74318687787486,0.0,63,-34.79660861372872,4.6955333789862075e-20,22,6.139312428492266e-65,3.069656214246133e-65,0.36836366145143984,0.45721120722651765,true
r1,E59,3,RMSE,LSTM_vs_PERSIST,245235,-15.579430839420107,0.015199929694165745,true,-55.123360428189066,0.0,62,-26.034207805049334,1.817325130494579e-17,22,2.2947531650981634e-6,1.1473765825490817e-6,0.4982182707572065,0.44709360409403226,true
r2,E59,3,RMSE,LSTM_vs_PERSIST,261410,-15.145266630073612,0.036723540198724966,true,-53.96727522047186,0.0,63,-35.34436048153034,3.400362672199839e-20,22,0.7140842008153707,0.35704210040768536,0.5041932077828051,0.4435063693049233,true
main,E59,5,RMSE,LSTM_vs_PERSIST,254915,-21.32879455018612,-0.4863045464551919,true,-63.3279275467005,0.0,63,-41.669374468714054,1.122974113482028e-21,22,0.0,0.0,-0.11139301228104159,0.5111743130062962,false
r1,E59,5,RMSE,LSTM_vs_PERSIST,239313,-20.715190889951923,-0.3900324367551041,true,-61.207031789243494,0.0,62,-32.93933615715154,1.4565802760594557e-19,22,0.0,0.0,-0.013236616156973469,0.5019033650491198,false
r2,E59,5,RMSE,LSTM_vs_PERSIST,255305,-21.01058183138084,-0.43279104758363285,true,-60.66056838760202,0.0,63,-43.43785255452957,4.736428651947207e-22,22,0.0,0.0,-0.039766910065509364,0.5053524216133644,false
main,E59,10,RMSE,LSTM_vs_PERSIST,244435,-31.814414871331472,-1.2581067529476595,true,-74.07784565357619,0.0,62,-43.883715009642174,3.8307690123808537e-22,22,0.0,0.0,-3.1305787739984225,0.5767872849632827,false
r1,E59,10,RMSE,LSTM_vs_PERSIST,228253,-31.19864200849966,-1.1445774583832864,true,-69.5862224201127,0.0,61,-33.35980799973615,1.1213132031484966e-19,22,0.0,0.0,-2.545208236340841,0.5675325187401699,false
r2,E59,10,RMSE,LSTM_vs_PERSIST,244198,-32.26192913095519,-1.2327281329566175,true,-73.48858712119281,0.0,62,-43.57370723403055,4.438850163658636e-22,22,0.0,0.0,-2.8823301227639604,0.5730431862668818,false
