fold,corridor,empresaid,horizon,split,n_days,n_snapshots,n_samples,pct_snapshots_usable,n_scalar_effective,n_scalar_paired,sha256
main,E2,2,1,test,22,40348,36816,91.2462,168487,114987,30930410266a687366be8979b7db0283a61c46deb4f5a43ebda5e6ac45db0740
main,E2,2,3,test,22,40348,36482,90.4184,168056,105975,492bc682d4dd017c2aad55be79a7599a858260cdbbef4735c4ad5cf593134426
main,E2,2,5,test,22,40348,36175,89.6575,167607,103256,8cfa5a1a8490ca9fbb61d70c7c64ad27a011fbef612181f78d9b79ea12fe5613
main,E2,2,10,test,22,40348,35495,87.9721,166460,99562,aa6657dd8d7200730368c53fb48664c7c7ffffa7f2b795f6ce67bc5f0701631f
main,E2,2,1,train,107,196953,180297,91.5432,881116,640530,5e7ba231fa313d7e941eb0eb8a696bc73e4f2949c6da962e886bdd5fd18d5bbf
main,E2,2,3,train,107,196953,178795,90.7805,879023,587866,ff5df7c5fcfcb1e28e9f40fc7b699821f4b276695929a688b41c6856ea861e01
main,E2,2,5,train,107,196953,177392,90.0682,876928,572471,e5b82ba60e6677e6f5f908d2c3407817887cdaddafdb6cdd28732f448d924d87
main,E2,2,10,train,107,196953,174158,88.4262,871473,552216,16097882789033311bf6684a63dab15ba57e177571c7fd5de2bbd48df4ca85b9
main,E2,2,1,val,23,41805,38186,91.3431,182910,125453,29e77b45264001217b0426bb458495078be073abb3d67c7038698ecbce7c44e6
main,E2,2,3,val,23,41805,37900,90.659,182536,115101,9a0ed4d84646d7ba12c097e6a3354147b624cc4ef8ad11b4e94b075c1509fe19
main,E2,2,5,val,23,41805,37632,90.0179,182160,112315,fcf94a18b44dce389021fa8f29fed9b7cc888575cf3be797debfdf86241c833b
main,E2,2,10,val,23,41805,37006,88.5205,181148,108584,625948da12061c16b5800ab5e74511ccc4acdb478df94c7a2b7dcab8f0dbaf95
main,E4,4,1,test,22,47832,40196,84.0358,125598,99952,906d111281e491ed7f9a1771856fd125b25bd1d8a7f944ba036d2b85aefaf27b
main,E4,4,3,test,22,47832,39946,83.5131,125438,92485,5244ebd04d6175f204f4b8cfc8cab234baf34a8043a5588bda099d574d126ef5
main,E4,4,5,test,22,47832,39720,83.0406,125273,88705,2a2da36998abd23cb49c96d3a77063f8a618a8adde02554bf4b2eb10190f70ca
main,E4,4,10,test,22,47832,39195,81.9431,124726,83225,d0ccd8ea318518b6da8eb7c7a0fce6539c599c7b45d4d4cbcb0681eaf51fc4c8
main,E4,4,1,train,107,216144,186375,86.2272,596781,500784,13aa3843ebe44a6dd1653365ccbbbfb5820911fd54ae2cc2923a4167d0bae9b0
main,E4,4,3,train,107,216144,185118,85.6457,595813,462308,3c51fa201c291f88c23c659151dac2549ca7a7658477384ceb2a8458c6d7dd4e
main,E4,4,5,train,107,216144,183954,85.1072,594787,441200,b3bd4bdfca8b53e5db61e3da86a78d5891ccaf0858a7375035138c94a8cf3808
main,E4,4,10,train,107,216144,181282,83.8709,591987,409414,9bbcafbe34838647457b3fa5595f07205b03d51d1e9d429262e190b637fcd407
main,E4,4,1,val,23,49531,41755,84.3007,127553,101598,898d18fad978ed48d05944038c6627b5e3ecd9d3dd078ce18931f995d470531b
main,E4,4,3,val,23,49531,41464,83.7132,127295,93573,eb35aa062e35e13db3098d4ec0bf0bee6dded9b59ac69647edea071bc8e52e72
main,E4,4,5,val,23,49531,41189,83.158,127012,89399,221d160532ac68f38bcde8986f7625073dc171fe7d24f26d2e42410e1e600722
main,E4,4,10,val,23,49531,40566,81.9002,126255,83742,cf449d4a61b87d8bb1aec3839d1cf2ab3ac094540a882964352559788a804f15
main,E59,59,1,test,22,52221,46744,89.5119,335071,277737,8dd983fc159e71ac5406293421dfbeb0c474e797df056b56139116e5a3cabaaf
main,E59,59,3,test,22,52221,46581,89.1997,334942,261356,c9c7cba577f9cb3c698f736abdca785914b534a364b5a898b8477bec7fe88426
main,E59,59,5,test,22,52221,46445,88.9393,334805,255005,5182f652a93eecbdc0d1c9fd15684761868fc59443a070a4fe03e8bd3187fa5e
main,E59,59,10,test,22,52221,46144,88.3629,334480,244511,7e68fdcea313ae35c61ed08f4641a2a0ab694bb82105a77c5afa9f04ce39a5e8
main,E59,59,1,train,107,266077,232021,87.2007,1623703,1377396,13bfacad29e270f5dfde8100ac5e3975fbdfff5af440b1ebbff0579885da5981
main,E59,59,3,train,107,266077,230909,86.7828,1622903,1299784,a88e01e4eb5e98e9528254b87e0a587227972ab49e851ef85476c2dc67b9a3ad
main,E59,59,5,train,107,266077,229995,86.4393,1622102,1268789,ab1a5b48a22f6f314aea3d1a8715a1e24bb4c160f06984722c09e2f0d0135cea
main,E59,59,10,train,107,266077,228140,85.7421,1620048,1213928,3a1a00a73cde366d742a18a07f2755b5ca18eba5fded489e5ec998858548f921
main,E59,59,1,val,23,52580,48572,92.3773,352633,296671,655145dac330a1e0dd506de8af4faa4f646f9a8e91ea96d38f400851c6eb9ffe
main,E59,59,3,val,23,52580,48452,92.1491,352505,280214,a666c0a6de191ff7aac83a323892fd25d2b459829cfdaa51b626d72048123306
main,E59,59,5,val,23,52580,48339,91.9342,352372,273462,0c92c9290854dc6520d8cd65269b30ece68e677b019729b18676ed8ef8176be8
main,E59,59,10,val,23,52580,48071,91.4245,351979,261511,81c5588e7a4527ef38887cebcb7b3f2749f00fc7f7c09f88a17a6f8f67b54048
r1,E2,2,1,test,22,38984,34723,89.0699,154141,108158,42bb65713b51b31a4cee49e237e50ce287a0ccf6f5136636ebc5e15480a73c7d
r1,E2,2,3,test,22,38984,34347,88.1054,153596,99040,2dfcda84665f10aeaa080c41ca502b7bea964e21f9a98c6404d27c7095a8e824
r1,E2,2,5,test,22,38984,34004,87.2255,153056,96576,c87ac4561e4d21de8db31afd4d08e2fcbfa071f75fc739cb8c88bbd8002006db
r1,E2,2,10,test,22,38984,33212,85.1939,151712,92606,b2da3ed0728866c44ca28a9614ba064d00570254f1e4f8f5a09b7adc3222edb5
r1,E2,2,1,train,61,112977,104199,92.2303,528502,391067,71dca7be49f46738fdcf41791b3ebb905348d9a9015f3ca1981923370e966c94
r1,E2,2,3,train,61,112977,103409,91.531,527372,359872,a9b1676cf24447c24d4dfa388343019741b7703425dad171943f336bea71ce3c
r1,E2,2,5,train,61,112977,102669,90.876,526250,350599,481f8ca32c5fdfabe169deb3f02c2228909cf7aaace503bae8223d9acf4480b3
r1,E2,2,10,train,61,112977,100966,89.3686,523305,339139,8dbd0ec4b6afdd81ca85227411bd25fae61d5c65e03c442e2e49952c1b159353
r1,E2,2,1,val,22,41502,38361,92.4317,188362,134135,0f50e924421817cbe1d1d3cf7f339ee0a41ed3a115d5aa2c4b9d1536e49863c4
r1,E2,2,3,val,22,41502,38063,91.7137,187984,122396,f658327c9d754527af6e2ed7b050b62fae0a33ca821358de35edd8376a5bcc87
r1,E2,2,5,val,22,41502,37780,91.0318,187587,118956,aa64f47d8d565fa9858807a0732639e51adae7712acd73bd1c39838ff62f1c3a
r1,E2,2,10,val,22,41502,37112,89.4222,186519,114475,07a2f37b7f2cc93fef2b70020ea048443bfd0a3e1f93e89ef1a8cae0735495aa
r1,E4,4,1,test,22,40965,34152,83.3687,94262,76905,d845ca6a3f1a0470064f747d571abbed41b0b89136730a2220ef2be68602f562
r1,E4,4,3,test,22,40965,33878,82.6999,94043,71070,b6d47bcd4b17c3319d82e7e0c239e68a4b8868f21216709833f44a3841975965
r1,E4,4,5,test,22,40965,33620,82.0701,93815,67925,fbf8ab52793be0b461851cb8791c554d51f4350419f6a8adb4a5f83bc0c9b6a3
r1,E4,4,10,test,22,40965,33039,80.6518,93218,62744,788b2599c37bb47af6af47e2f9a56a4dd2455294c326863de343bd61c523de1e
r1,E4,4,1,train,61,125706,109013,86.7206,361490,305535,0c5ede53e4e85523a12a44ddaac8cdcad22a0bb77be399991a0c4c8542f06180
r1,E4,4,3,train,61,125706,108294,86.1486,360933,281390,ae3699ef0ef9c70e53f82b52bbf9bbf79f34889d1ef9a66e7cab41a4a0467623
r1,E4,4,5,train,61,125706,107637,85.626,360341,268140,7ae213ba37b5ddd7931f9900761c44379682bed65c87d2a7b2845a41b6e9ee30
r1,E4,4,10,train,61,125706,106122,84.4208,358742,248757,6dcde33e7cfba439ff942f0993b5b371d8e0b6cc911e0cb4e32b882879f94902
r1,E4,4,1,val,22,45426,39701,87.3971,129819,108905,28f9c23b90fb906337a67928febaea5ccd044aba86a34eb47576b668d7ed2a31
r1,E4,4,3,val,22,45426,39455,86.8555,129648,100982,c6fd6a5e3118ea1c4ee8f059dd3c1151dad02748e466b1133605b0d34526993a
r1,E4,4,5,val,22,45426,39224,86.347,129460,96573,4c33a9a816a584523ed2c7ae0e16819c31828e8320cc5269566f6072f0ca268e
r1,E4,4,10,val,22,45426,38693,85.1781,128915,89805,94359ee28ae4e5864a462974e6c1440ed5268dd69d44c5805c3ae75414815e1d
r1,E59,59,1,test,22,53072,46515,87.6451,310574,259832,57703f438cac61a6350ad117cfa5cd1ab61725d088f66975f8a5f10880fb175b
r1,E59,59,3,test,22,53072,46309,87.2569,310387,245330,7d43b34a62a21e9e0bf5337a6477107012cded401b785c40243e6e20834b5456
r1,E59,59,5,test,22,53072,46147,86.9517,310209,239393,4bf63d109ab21faef14650bd5b8bcf146c16bfee944b3777bc6f4744e3402a97
r1,E59,59,10,test,22,53072,45785,86.2696,309737,228310,98d57a4f6d17a78ff2fbb7d6833f8b0ef66d8a5038dcb8599ea60bacf7d75c3c
r1,E59,59,1,train,61,154507,133855,86.6336,939960,800205,d6073ae780b86810b5df1721963f0b04c8de2e8c48ce2255bfd0e7336ae67985
r1,E59,59,3,train,61,154507,133143,86.1728,939505,754865,226b94998fd9effeb4e756b53af3349a3d59d41d30116c47de9cd3f2f1c8b7e3
r1,E59,59,5,train,61,154507,132558,85.7942,939046,736740,fccf0852c77d3af0f389d6c42c4d4b846e007c8aacaa27664a855052edf917aa
r1,E59,59,10,train,61,154507,131411,85.0518,937883,705500,bf554a16366fa0de475f7ce2c5114e2b8c78ce0b0dfd4e4b777df6cbf6197cb4
r1,E59,59,1,val,22,53895,47645,88.4034,346229,295322,da586ebc67c03816393fb88de8acab63e10e65b5c1992f0aae037951b4a102f2
r1,E59,59,3,val,22,53895,47460,88.0601,346082,278774,a03e6fb29ab2084abd9a2e4a9b1cacf900f878747c956b00da122345f82099ed
r1,E59,59,5,val,22,53895,47301,87.7651,345927,272221,3340a0d1d4648336aa8b570ad8495bf989b534fbf4efa180cc2ac0c8c4ddf219
r1,E59,59,10,val,22,53895,46975,87.1602,345543,260662,e7cf9c9017fcf71752e73b6df8a2af61095c8099205918a050541bc2c4271342
r2,E2,2,1,test,22,39750,35997,90.5585,163670,112565,d308f02ef798258d6910e57417281519e38a934e27bb4c64c27f7c9b81d5fc30
r2,E2,2,3,test,22,39750,35701,89.8138,163309,102888,cbbc21e52f6f39b6e4e208eee0ad664fed16c0685a15d5c1fbec9238f421f3ec
r2,E2,2,5,test,22,39750,35424,89.117,162945,100264,980fee89ebb25a6852dd9f1d87f953ee5d1ff5c365f0e1e5aa638726c7438a18
r2,E2,2,10,test,22,39750,34795,87.5346,161956,96671,c78e20b077e7baa4471a45dd6a02cfb282f536eca20d09f5eade2e4150fbaf47
r2,E2,2,1,train,83,154479,142560,92.2844,716864,525202,5f9eebd20874e5f01fbfde87a654e8598b79ea53fe8aef0eea2fb5d00053396e
r2,E2,2,3,train,83,154479,141472,91.5801,715356,482268,13cb1e534828601c39ca89bb18528128c172a9cca576a5daed186489fd7040ec
r2,E2,2,5,train,83,154479,140449,90.9179,713837,469555,2835fc2085febb135010b3f474d904340cfb3c31e77108425feacd495072401b
r2,E2,2,10,train,83,154479,138078,89.383,709824,453614,71b110fb99b4dc2ab948656640c0da6e54492c82e0849592f444e12543da4d38
r2,E2,2,1,val,22,38984,34723,89.0699,154141,108158,42bb65713b51b31a4cee49e237e50ce287a0ccf6f5136636ebc5e15480a73c7d
r2,E2,2,3,val,22,38984,34347,88.1054,153596,99040,2dfcda84665f10aeaa080c41ca502b7bea964e21f9a98c6404d27c7095a8e824
r2,E2,2,5,val,22,38984,34004,87.2255,153056,96576,c87ac4561e4d21de8db31afd4d08e2fcbfa071f75fc739cb8c88bbd8002006db
r2,E2,2,10,val,22,38984,33212,85.1939,151712,92606,b2da3ed0728866c44ca28a9614ba064d00570254f1e4f8f5a09b7adc3222edb5
r2,E4,4,1,test,22,47014,39730,84.5067,122640,98304,41835ddebda1808885c2708fdbcf16e273954ee8c743dcd9fae13ae9dc0637bb
r2,E4,4,3,test,22,47014,39457,83.9261,122393,90770,c21e794aaf4133b061ad4e148f633210fbca07e944098ce7b49f39ba411bddde
r2,E4,4,5,test,22,47014,39199,83.3773,122126,86838,4a19d00a2087f839238381f614879363e207a7e6962238e2ae75ff7fc54c4157
r2,E4,4,10,test,22,47014,38612,82.1287,121407,81442,a9f838841f2069550ece429ba22582e6c31bbe19f262e3dd7cf87c0aadb72f94
r2,E4,4,1,train,83,171132,148714,86.9002,491309,414440,9b468d51cda119cb41933a7ef04a9263a00dd0ad9579e814ee8fb3d1fc1473a9
r2,E4,4,3,train,83,171132,147749,86.3363,490581,382372,2670d2f1e2d82afacf710d568da7e43c5345fe4f8b08e900d0ecce9fd2356211
r2,E4,4,5,train,83,171132,146861,85.8174,489801,364713,59b4e7f56c38371921860b40b21a37746da412ffb487dfe4f8c99e5956ceee09
r2,E4,4,10,train,83,171132,144815,84.6218,487657,338562,5b442eb034f76b92c19abdb2ee6ccbb1d44d06c55b386534c6cf29b3185d063b
r2,E4,4,1,val,22,40965,34152,83.3687,94262,76905,d845ca6a3f1a0470064f747d571abbed41b0b89136730a2220ef2be68602f562
r2,E4,4,3,val,22,40965,33878,82.6999,94043,71070,b6d47bcd4b17c3319d82e7e0c239e68a4b8868f21216709833f44a3841975965
r2,E4,4,5,val,22,40965,33620,82.0701,93815,67925,fbf8ab52793be0b461851cb8791c554d51f4350419f6a8adb4a5f83bc0c9b6a3
r2,E4,4,10,val,22,40965,33039,80.6518,93218,62744,788b2599c37bb47af6af47e2f9a56a4dd2455294c326863de343bd61c523de1e
r2,E59,59,1,test,22,50395,46153,91.5825,329529,277049,df727321bd6e3037ac8f1634f22345540e0e8fc977c9a0d3900b86f2df78fbcf
r2,E59,59,3,test,22,50395,46040,91.3583,329403,261793,b9bc16ba1439b6fca02c8a4dba05058fc091c80f4fba99037302f1d53f1328a5
r2,E59,59,5,test,22,50395,45935,91.1499,329278,255668,508e820b0fac976577f31ecff598ed84995f2e7ca0c9ebbeb5e1d1bed126a3e2
r2,E59,59,10,test,22,50395,45684,90.6519,328893,244503,d6e4ce1853a338f0c8de86d9cc0950ba618abd6293cf41f292ea2ae0700915db
r2,E59,59,1,train,83,208402,181500,87.0913,1286189,1095527,a39c4a75178273462a2873d5560549120c4bce8531c2e649d74f1496a9bd9937
r2,E59,59,3,train,83,208402,180603,86.6609,1285587,1033639,a1770df02f66c41e225e62b1cc5936dd15e41047678d253523cc5eee5245c4dd
r2,E59,59,5,train,83,208402,179859,86.3039,1284973,1008961,d76c447f86776b164687555c25d780e00200a638b75c3304b94ebfb40801a09f
r2,E59,59,10,train,83,208402,178386,85.5971,1283426,966162,039482c89a0668997cc6936eaa3598fb724e1e61551f95e402cb35cb7c34bfd8
r2,E59,59,1,val,22,53072,46515,87.6451,310574,259832,57703f438cac61a6350ad117cfa5cd1ab61725d088f66975f8a5f10880fb175b
r2,E59,59,3,val,22,53072,46309,87.2569,310387,245330,7d43b34a62a21e9e0bf5337a6477107012cded401b785c40243e6e20834b5456
r2,E59,59,5,val,22,53072,46147,86.9517,310209,239393,4bf63d109ab21faef14650bd5b8bcf146c16bfee944b3777bc6f4744e3402a97
r2,E59,59,10,val,22,53072,45785,86.2696,309737,228310,98d57a4f6d17a78ff2fbb7d6833f8b0ef66d8a5038dcb8599ea60bacf7d75c3c
