corridor,horizon,rule,model,n_cells,base_rate,quota_rate,fire_rate,rate_ratio,cut_truth_min,cut_alarm_min,tp,fp,fn,precision,recall,f1,mcc,auc_published,jaccard_truth_vs_published
E2,1,pred_mean,LSTM,95633,0.28265347735614277,NaN,0.04743132600671316,0.16780733232214862,4.151260412521047,4.188260855012637,3095,1441,23936,0.6823192239858906,0.11449816876919093,0.19609085437323787,0.19805679593491013,0.7097125013051931,1.0
E2,1,pred_mean,Persistence,95633,0.28265347735614277,NaN,0.2860205159306934,1.0119122488994117,4.151260412521047,4.092180901616427,15036,12317,11995,0.549702043651519,0.5562502312160112,0.5529567519858781,0.3753654638923347,0.7124769186144587,1.0
E2,3,pred_mean,LSTM,85511,0.2850978236718083,NaN,0.004256762287892786,0.014930883137126216,4.115459220110308,4.123159762672968,235,129,24144,0.6456043956043956,0.009639443783584231,0.018995271389888047,0.05221063099054911,0.6254891380179812,1.0
E2,3,pred_mean,Persistence,85511,0.2850978236718083,NaN,0.28741331524599173,1.008121744124041,4.115459220110308,4.03340420238546,9930,14647,14449,0.40403629409610614,0.40731777349358056,0.4056703979083259,0.16731569397291235,0.5991936529943078,1.0
E2,5,pred_mean,LSTM,82644,0.28338415371956827,NaN,0.000363002758820967,0.0012809564474807857,4.1186745645410126,4.128573391677957,20,10,23400,0.6666666666666666,0.0008539709649871904,0.0017057569296375266,0.016207716178745578,0.6012367806378954,1.0
E2,5,pred_mean,Persistence,82644,0.28338415371956827,NaN,0.2857920720197473,1.0084970111016225,4.1186745645410126,4.010697709128458,8383,15236,15037,0.3549261188026589,0.35794192997438085,0.3564276451455175,0.10042518389499265,0.5621440059728365,1.0
E2,10,pred_mean,LSTM,79153,0.28385531818124393,NaN,0.0,0.0,4.139832490165495,4.070695136219423,0,0,22468,0.0,0.0,0.0,0.0,0.5702454041680857,1.0
E2,10,pred_mean,Persistence,79153,0.28385531818124393,NaN,0.2833247002640456,0.9981306747374044,4.139832490165495,3.9908441447513465,7079,15347,15389,0.3156603941853206,0.31507032223606907,0.3153650821936116,0.044353565235911295,0.528013288928133,1.0
E4,1,pred_mean,LSTM,73159,0.18317636927787423,NaN,0.08610013805546822,0.4700395492873666,5.50102517166146,5.303706683374601,4589,1710,8812,0.7285283378314018,0.34243713155734645,0.46588832487309645,0.43274357957393655,0.810881715868959,1.0
E4,1,pred_mean,Persistence,73159,0.18317636927787423,NaN,0.1896827458002433,1.0355197373330347,5.50102517166146,5.425408613085576,9358,4519,4043,0.6743532463789004,0.6983060965599582,0.6861206833345552,0.6143635116725165,0.8326249429897812,1.0
E4,3,pred_mean,LSTM,64677,0.17321458942127804,NaN,0.030010668398348716,0.1732571632598411,5.578494420636147,5.3117973521218875,1163,778,10040,0.5991756826378155,0.10381147906810675,0.17696287279367012,0.19798653342209688,0.7019927874044579,1.0
E4,3,pred_mean,Persistence,64677,0.17321458942127804,NaN,0.1840685251325819,1.0626617870213335,5.578494420636147,5.39778296055801,5620,6285,5583,0.47207055858882824,0.5016513433901634,0.4864116323351221,0.37509063486597854,0.7194453439973252,1.0
E4,5,pred_mean,LSTM,60366,0.17243150117615877,NaN,0.012225424908060828,0.07090018253434527,5.606378358104683,5.293315457917783,367,371,10042,0.497289972899729,0.0352579498510904,0.06584731317843366,0.09567246777661811,0.6475862372584797,1.0
E4,5,pred_mean,Persistence,60366,0.17243150117615877,NaN,0.18054865321538616,1.047074646940148,5.606378358104683,5.381551026784532,4063,6836,6346,0.3727864941737774,0.3903352867710635,0.381359113947813,0.24895762353396272,0.6486070661752872,1.0
E4,10,pred_mean,LSTM,54443,0.17930679793545543,NaN,0.002755175137299561,0.015365703749231715,5.637702227895634,5.2950929192160325,75,75,9687,0.5,0.007682851874615857,0.015133171912832932,0.04394147876888886,0.6044479043939524,1.0
E4,10,pred_mean,Persistence,54443,0.17930679793545543,NaN,0.17842514189151956,0.9950829748002459,5.637702227895634,5.329066715511466,2612,7102,7150,0.26889026147827877,0.2675681212866216,0.268227562127747,0.10882871695820827,0.5579006055267764,1.0
E59,1,pred_mean,LSTM,270766,0.23377381207389406,NaN,0.08568284053389273,0.36652026920281844,4.831734778884014,4.735613770062726,16381,6819,46917,0.7060775862068965,0.2587917469746279,0.3787602025480358,0.34162015360861564,0.7758952603829684,1.0
E59,1,pred_mean,Persistence,270766,0.23377381207389406,NaN,0.23515507855491458,1.0059085595121489,4.831734778884014,4.800365681141349,42770,20902,20528,0.6717238346525946,0.6756927549053683,0.6737024493974955,0.5737710286413022,0.8097504410515923,1.0
E59,3,pred_mean,LSTM,253849,0.2274777525221687,NaN,0.03197570209061292,0.14056628279504718,4.8478533936794905,4.712698133010697,4882,3235,52863,0.6014537390661574,0.08454411637371201,0.14824936989462817,0.16213832038190187,0.6881313317214471,1.0
E59,3,pred_mean,Persistence,253849,0.2274777525221687,NaN,0.23143679904195014,1.0174041042514503,4.8478533936794905,4.788656040374594,29076,29674,28669,0.49491063829787235,0.5035241146419603,0.4991802223271385,0.3500791633629826,0.6958232876565374,1.0
E59,5,pred_mean,LSTM,247261,0.22549856224798898,NaN,0.01324106915364736,0.05871908459924314,4.846189473799346,4.676118509692523,1816,1458,53941,0.5546731826511913,0.03256990153702674,0.06152699429113516,0.09124295347418075,0.6502940470488314,1.0
E59,5,pred_mean,Persistence,247261,0.22549856224798898,NaN,0.22997561281399007,1.0198540093620532,4.846189473799346,4.766460563243418,23324,33540,32433,0.41017163759144626,0.41831518912423554,0.41420339013150304,0.2414956049244751,0.6394409012864212,1.0
E59,10,pred_mean,LSTM,236096,0.2261283545676335,NaN,0.0018128219029547304,0.008016782797632427,4.864267197630211,4.67049783489958,189,239,53199,0.441588785046729,0.0035401213755900203,0.007023933402705515,0.02194962581882682,0.6080538909800282,1.0
E59,10,pred_mean,Persistence,236096,0.2261283545676335,NaN,0.23015637706695583,1.0178129916835243,4.864267197630211,4.735570128029578,16948,37391,36440,0.3118938515614936,0.3174496141455009,0.31464721007732505,0.11210135913919594,0.5636605120700228,1.0
E2,1,obs_mean,LSTM,95633,0.29135340311398783,NaN,0.05548293998933423,0.190431755374511,4.092180901616427,4.092180901616427,3697,1609,24166,0.6967583867320015,0.13268492265728743,0.22291899062377518,0.21624148356049938,0.7097125013051931,0.7689481825212684
E2,1,obs_mean,Persistence,95633,0.29135340311398783,NaN,0.2860205159306934,0.9816961561928006,4.092180901616427,4.092180901616427,15331,12022,12532,0.5604869666946953,0.5502279008003446,0.5553100550565053,0.37488553884428744,0.7124769186144587,0.7689481825212684
E2,3,obs_mean,LSTM,85511,0.30164540234589704,NaN,0.01861748780858603,0.06171977979375048,4.03340420238546,4.03340420238546,1053,539,24741,0.6614321608040201,0.04082344731332868,0.07690060614912729,0.1079692796381711,0.6254891380179812,0.7075519858421536
E2,3,obs_mean,Persistence,85511,0.30164540234589704,NaN,0.28741331524599173,0.9528184849189733,4.03340420238546,4.03340420238546,10319,14258,15475,0.4198641005818448,0.40005427618826084,0.4097198785015187,0.16358158427196184,0.5991936529943078,0.7075519858421536
E2,5,obs_mean,LSTM,82644,0.30357920720197473,NaN,0.014471709984995886,0.04767029375423493,4.010697709128458,4.010697709128458,739,457,24350,0.6178929765886287,0.029455139702658537,0.056229788852957964,0.08283557832632855,0.6012367806378954,0.6955260398462076
E2,5,obs_mean,Persistence,82644,0.30357920720197473,NaN,0.2857920720197473,0.9414085854358483,4.010697709128458,4.010697709128458,8787,14832,16302,0.37203099199796774,0.3502331699151022,0.36080315348608033,0.09417283737577474,0.5621440059728365,0.6955260398462076
E2,10,obs_mean,LSTM,79153,0.30797316589390167,NaN,0.01671446439174763,0.0542724699511835,3.9908441447513465,3.9908441447513465,783,540,23594,0.5918367346938775,0.032120441399680025,0.060933852140077814,0.08016746652600858,0.5702454041680857,0.674949942791762
E2,10,obs_mean,Persistence,79153,0.30797316589390167,NaN,0.2833247002640456,0.91996554128892,3.9908441447513465,3.9908441447513465,7442,14984,16935,0.33184696334611613,0.30528777125979406,0.31801380253402556,0.03251506296161915,0.528013288928133,0.674949942791762
E4,1,obs_mean,LSTM,73159,0.18395549419756968,NaN,0.09893519594308288,0.5378213701887353,5.425408613085576,5.425408613085576,4984,2254,8474,0.688588007736944,0.37033734581661465,0.4816389640510244,0.4315780221682042,0.810881715868959,0.830380264413248
E4,1,obs_mean,Persistence,73159,0.18395549419756968,NaN,0.1896827458002433,1.0311338980532025,5.425408613085576,5.425408613085576,9437,4440,4021,0.6800461194782734,0.701218606033586,0.6904700932869948,0.6194896951064347,0.8326249429897812,0.830380264413248
E4,3,obs_mean,LSTM,64677,0.17247243997093248,NaN,0.046028727368307126,0.2668758404303003,5.39778296055801,5.39778296055801,1656,1321,9499,0.5562646960026872,0.14845360824742268,0.23436173223889045,0.22314746416012338,0.7019927874044579,0.7286222359672182
E4,3,obs_mean,Persistence,64677,0.17247243997093248,NaN,0.1840685251325819,1.0672344240251008,5.39778296055801,5.39778296055801,5478,6427,5677,0.4601427971440571,0.4910802330793366,0.4751084128360798,0.3616653885133288,0.7194453439973252,0.7286222359672182
E4,5,obs_mean,LSTM,60366,0.1749660404863665,NaN,0.02892356624590001,0.1653096004544594,5.381551026784532,5.381551026784532,873,873,9689,0.5,0.0826548002272297,0.14185895352616185,0.14764378036147097,0.6475862372584797,0.6868564993564994
E4,5,obs_mean,Persistence,60366,0.1749660404863665,NaN,0.18054865321538616,1.0319068358265482,5.381551026784532,5.381551026784532,3972,6927,6590,0.3644371043214974,0.37606513917818596,0.3701598247984717,0.23408071702603928,0.6486070661752872,0.6868564993564994
E4,10,obs_mean,LSTM,54443,0.1851477692265305,NaN,0.01370240434950315,0.07400793650793651,5.329066715511466,5.329066715511466,392,354,9688,0.5254691689008043,0.03888888888888889,0.07241825235544061,0.10327257117728751,0.6044479043939524,0.6598628074284758
E4,10,obs_mean,Persistence,54443,0.1851477692265305,NaN,0.17842514189151956,0.9636904761904761,5.329066715511466,5.329066715511466,2697,7017,7383,0.2776405188387894,0.2675595238095238,0.27250682024856016,0.11097201557152521,0.5579006055267764,0.6598628074284758
E59,1,obs_mean,LSTM,270766,0.23527695500912227,NaN,0.09644120753713539,0.40990503100227615,4.800365681141349,4.800365681141349,17956,8157,45749,0.687626852525562,0.281861706302488,0.39983076888819613,0.3484061588286712,0.7758952603829684,0.8536795399480398
E59,1,obs_mean,Persistence,270766,0.23527695500912227,NaN,0.23515507855491458,0.9994819872851425,4.800365681141349,4.800365681141349,43315,20357,20390,0.680283327051137,0.679930931638019,0.6801070836964288,0.581721255683927,0.8097504410515923,0.8536795399480398
E59,3,obs_mean,LSTM,253849,0.23070801933432866,NaN,0.0467246276329629,0.20252710663365492,4.788656040374594,4.788656040374594,7136,4725,51429,0.6016356125115926,0.1218475198497396,0.20265242950046855,0.19492876507576815,0.6881313317214471,0.7826380161235937
E59,3,obs_mean,Persistence,253849,0.23070801933432866,NaN,0.23143679904195014,1.0031588832920686,4.788656040374594,4.788656040374594,29333,29417,29232,0.49928510638297874,0.5008622897635107,0.5000724545028342,0.34983916279243005,0.6958232876565374,0.7826380161235937
E59,5,obs_mean,LSTM,247261,0.23084513934668224,NaN,0.027950222639235463,0.12107780444646893,4.766460563243418,4.766460563243418,3942,2969,53137,0.5703950224280133,0.06906217698277825,0.1232067510548523,0.13664215628775062,0.6502940470488314,0.7502908464795942
E59,5,obs_mean,Persistence,247261,0.23084513934668224,NaN,0.22997561281399007,0.9962332907023599,4.766460563243418,4.766460563243418,23828,33036,33251,0.4190348902644907,0.41745650764729586,0.41824420982421034,0.24407166186209023,0.6394409012864212,0.7502908464795942
E59,10,obs_mean,LSTM,236096,0.2342691108701545,NaN,0.01222807671455679,0.05219670945579461,4.735570128029578,4.735570128029578,1567,1320,53743,0.542777970211292,0.02833122401012475,0.05385157310514287,0.0810443569496198,0.6080538909800282,0.7086850585553721
E59,10,obs_mean,Persistence,236096,0.2342691108701545,NaN,0.23015637706695583,0.9824444042668596,4.735570128029578,4.735570128029578,17598,36741,37712,0.323855794180975,0.31817031278249863,0.32098787950642504,0.11565332109145457,0.5636605120700228,0.7086850585553721
E2,1,rank,LSTM,95633,0.2749992157518848,0.2898244716019366,0.2749992157518848,1.0,2.8609714684639913,5.544330730731216,12513,13786,13786,0.47579755884254155,0.47579755884254155,0.47579755884254155,0.2769629322524126,0.7097125013051931,0.6297903551127682
E2,1,rank,Persistence,95633,0.2749992157518848,0.2898244716019366,0.2749992157518848,1.0,2.8609714684639913,2.771677260130462,13661,12638,12638,0.5194494087227651,0.5194494087227651,0.5194494087227651,0.33717231523327945,0.7124769186144587,0.6297903551127682
E2,3,rank,LSTM,85511,0.27499386043900786,0.29002454863168586,0.27499386043900786,1.0,2.744106080626286,6.404451645439279,9295,14220,14220,0.3952796087603657,0.3952796087603657,0.3952796087603657,0.1659099720096076,0.6254891380179812,0.6244615541159312
E2,3,rank,Persistence,85511,0.27499386043900786,0.29002454863168586,0.27499386043900786,1.0,2.744106080626286,2.671998659746459,8874,14641,14641,0.3773761428875186,0.3773761428875186,0.3773761428875186,0.14121574544252216,0.5991936529943078,0.6244615541159312
E2,5,rank,LSTM,82644,0.2754343933013891,0.2900886684700932,0.2754343933013891,1.0,2.734834339656648,6.713119911914423,8365,14398,14398,0.36748231779642404,0.36748231779642404,0.36748231779642404,0.12703877142946288,0.6012367806378954,0.625532364225124
E2,5,rank,Persistence,82644,0.2754343933013891,0.2900886684700932,0.2754343933013891,1.0,2.734834339656648,2.641803489748711,7660,15103,15103,0.3365110047006106,0.3365110047006106,0.3365110047006106,0.08429410785520057,0.5621440059728365,0.625532364225124
E2,10,rank,LSTM,79153,0.2756686417444696,0.2896145610278373,0.2756686417444696,1.0,2.7421651447874904,6.862564143361249,7629,14191,14191,0.3496333638863428,0.3496333638863428,0.3496333638863428,0.1021144829626165,0.5702454041680857,0.6245323160443108
E2,10,rank,Persistence,79153,0.2756686417444696,0.2896145610278373,0.2756686417444696,1.0,2.7421651447874904,2.658622941433101,6654,15166,15166,0.3049495875343721,0.3049495875343721,0.3049495875343721,0.04042479378557127,0.528013288928133,0.6245323160443108
E4,1,rank,LSTM,73159,0.25351631378230977,0.17051183037281473,0.25351631378230977,1.0,4.618299358921778,6.060490179922893,11807,6740,6740,0.6365989108750741,0.6365989108750741,0.6365989108750741,0.513182811849219,0.810881715868959,0.5060576061848866
E4,1,rank,Persistence,73159,0.25351631378230977,0.17051183037281473,0.25351631378230977,1.0,4.618299358921778,4.432046101042094,13310,5237,5237,0.7176362754084219,0.7176362754084219,0.7176362754084219,0.621741600245454,0.8326249429897812,0.5060576061848866
E4,3,rank,LSTM,64677,0.1358288108601203,0.1595873592907937,0.1358288108601203,1.0,4.279499895564422,6.543035651444308,3715,5070,5070,0.42287990893568583,0.42287990893568583,0.42287990893568583,0.3321692526700306,0.7019927874044579,0.39893617021276595
E4,3,rank,Persistence,64677,0.1358288108601203,0.1595873592907937,0.1358288108601203,1.0,4.279499895564422,3.9401599660931805,4337,4448,4448,0.49368241320432554,0.49368241320432554,0.49368241320432554,0.41410036210577833,0.7194453439973252,0.39893617021276595
E4,5,rank,LSTM,60366,0.13360169631912003,0.15714506093484856,0.13360169631912003,1.0,4.27334653596867,7.116778012785701,2894,5171,5171,0.35883446993180407,0.35883446993180407,0.35883446993180407,0.25996446744619195,0.6475862372584797,0.4033728350045579
E4,5,rank,Persistence,60366,0.13360169631912003,0.15714506093484856,0.13360169631912003,1.0,4.27334653596867,4.023917399655141,3154,4911,4911,0.39107253564786115,0.39107253564786115,0.39107253564786115,0.2971737574218234,0.6486070661752872,0.4033728350045579
E4,10,rank,LSTM,54443,0.1288136215858788,0.16313383208645055,0.1288136215858788,1.0,4.218607646871322,7.908148404603619,2175,4838,4838,0.31013831455867674,0.31013831455867674,0.31013831455867674,0.208135362840355,0.6044479043939524,0.3861345232193026
E4,10,rank,Persistence,54443,0.1288136215858788,0.16313383208645055,0.1288136215858788,1.0,4.218607646871322,4.01225901985981,1956,5057,5057,0.27891059461001,0.27891059461001,0.27891059461001,0.17229031208839918,0.5579006055267764,0.3861345232193026
E59,1,rank,LSTM,270766,0.23472666435224512,0.2350876279650901,0.23472666435224512,1.0,3.9546801454978655,5.568687059424895,33007,30549,30549,0.5193372773616968,0.5193372773616968,0.5193372773616968,0.37190713402884606,0.7758952603829684,0.637438525383692
E59,1,rank,Persistence,270766,0.23472666435224512,0.2350876279650901,0.23472666435224512,1.0,3.9546801454978655,3.891070839861814,40964,22592,22592,0.6445339543080119,0.6445339543080119,0.6445339543080119,0.5355044673141409,0.8097504410515923,0.637438525383692
E59,3,rank,LSTM,253849,0.23368222841137842,0.23039310631065082,0.23368222841137842,1.0,3.973375902020407,6.209364396354991,24259,35061,35061,0.4089514497639919,0.4089514497639919,0.4089514497639919,0.2287161121022551,0.6881313317214471,0.6259479429984166
E59,3,rank,Persistence,253849,0.23368222841137842,0.23039310631065082,0.23368222841137842,1.0,3.973375902020407,3.8748060061067355,28125,31195,31195,0.4741233985165206,0.4741233985165206,0.4741233985165206,0.31376170437323087,0.6958232876565374,0.6259479429984166
E59,5,rank,LSTM,247261,0.23409271983855118,0.22828119738907843,0.23409271983855118,1.0,3.962651209780114,6.557557615689475,21245,36637,36637,0.36703983967381915,0.36703983967381915,0.36703983967381915,0.1735812196578723,0.6502940470488314,0.6214916598889888
E59,5,rank,Persistence,247261,0.23409271983855118,0.22828119738907843,0.23409271983855118,1.0,3.962651209780114,3.8558317621900113,23059,34823,34823,0.3983794616633841,0.3983794616633841,0.3983794616633841,0.2144995172133659,0.6394409012864212,0.6214916598889888
E59,10,rank,LSTM,236096,0.2338497899159664,0.22959405257645046,0.2338497899159664,1.0,3.9328259280899185,7.159241998931214,17950,37261,37261,0.32511637173751606,0.32511637173751606,0.32511637173751606,0.11912361390795585,0.6080538909800282,0.6192613356792461
E59,10,rank,Persistence,236096,0.2338497899159664,0.22959405257645046,0.2338497899159664,1.0,3.9328259280899185,3.811585743209475,16948,38263,38263,0.30696781438481463,0.30696781438481463,0.30696781438481463,0.09543562542497826,0.5636605120700228,0.6192613356792461
