corridor,horizon,val_rmse,best_iteration,n_configs,search_seed,param_colsample_bytree,param_eta,param_lambda,param_max_depth,param_min_child_weight,param_subsample
E2,1,5.815475228934767,226,24,20240718,1.0,0.03,2.0,8,3,0.9
E2,3,6.350321716919538,160,24,20240718,0.8,0.05,10.0,8,5,0.6
E2,5,6.459316133841668,166,24,20240718,0.8,0.05,10.0,8,5,0.6
E2,10,6.639004499823478,172,24,20240718,1.0,0.03,2.0,8,3,0.9
E59,1,4.692183778850639,719,24,20240718,1.0,0.03,2.0,8,3,0.9
E59,3,5.51962117819725,603,24,20240718,1.0,0.03,2.0,8,3,0.9
E59,5,5.889444983088,629,24,20240718,1.0,0.03,2.0,8,3,0.9
E59,10,6.320239018606169,298,24,20240718,0.8,0.05,10.0,8,5,0.6
E4,1,4.710024904258753,274,24,20240718,1.0,0.03,2.0,8,3,0.9
E4,3,5.642112537151648,195,24,20240718,0.8,0.05,10.0,8,5,0.6
E4,5,6.134562201424884,68,24,20240718,0.9,0.08,2.0,10,20,1.0
E4,10,6.763801863248412,154,24,20240718,0.8,0.05,10.0,8,5,0.6
